,Date,Financial Statement Present,NET PROFIT MARGIN,GROSS MARGIN,INTEREST EXPENSE,REVENUE,EBITDA MARGIN,DIVIDEND PER SHARE,INCOME TAX EXPENSE,1465_APR22,365_APR22,22312_Q2 21,4173_APR22,425_OCT22,3432_FEB22,3970_APR22,491_MAY22,1887_Q4 21,95_APR22,5740_APR22,2527_SEP21,1886_APR22,1753_APR22,5739_APR22,23416_APR22,5629_APR22,5028_APR22,10_APR22,21774_APR22,19237_APR22,4362_APR22,19327_APR22,1885_APR22,23493_SEP21,2572_APR22,5506_SEP21,19241_APR22,18399_APR22,3190_APR22,15544_APR22,5038_APR22,23612_APR22,3976_APR22,3253_APR22,3563_APR22,25743_APR22,1887_APR22,4075_APR22,4361_APR22,4177_APR22,2571_APR22,5631_APR22,5039_APR22,23414_APR22,4987_AUG21,3558_APR22,2537_SEP21,4178_Q3 21,19082_APR22,18410_APR22,15542_APR22,5500_SEP21,2536_SEP21,2532_SEP21,4360_APR22,3193_APR22,5264_APR22,124_APR22,1743_APR22,4671_APR22,3072_APR22,2529_SEP21,22317_MAR22,4672_APR22,5034_APR22,23607_APR22,3442_APR22,23776_APR22,2466_APR22,20096_APR22,1756_AUG21,13_APR22,1884_APR22,3971_APR22,5509_SEP21,5040_APR22,2533_SEP21,23490_SEP21,5272_APR22,3254_APR22,5729_APR22,19239_APR22,5037_APR22,22311_DEC22,3441_APR22,22_APR22,491_SEP22,2922_APR22,5278_APR22,19474_APR22,19465_APR22,15549_APR22,19087_APR22,18601_APR22,3090_APR22,23789_APR22,21781_APR22,4354_APR22,21766_APR22
0,2020-10-01,,,,,,,,,,,,,,,,,,,,,,,,,,,,,,,,,,,,,,,,,,,,,,,,,,,,,,,,,,,,,,,,,,,,,,,,,,,,,,,,,,,,,,,,,,,,,,,,,,,,,,,,,,,,
1,2020-10-02,,,,,,,,,,,,,,,,,,,,,,,,,,,,,,,,,,,,,,,,,,,,,,,,,,,,,,,,,,,,,,,,,,,,,,,,,,,,,,,,,,,,,,,,,,,,,,,,,,,,,,,,,,,,
2,2020-10-03,,,,,,,,,,,,,,,,,,,,,,,,,,,,,,,,,,,,,,,,,,,,,,,,,,,,,,,,,,,,,,,,,,,,,,,,,,,,,,,,,,,,,,,,,,,,,,,,,,,,,,,,,,,,
3,2020-10-04,,,,,,,,,,,,,,,,,,,,,,,,,,,,,,,,,,,,,,,,,,,,,,,,,,,,,,,,,,,,,,,,,,,,,,,,,,,,,,,,,,,,,,,,,,,,,,,,,,,,,,,,,,,,
4,2020-10-05,,,,,,,,,,,,,,,,,,,,,,,,,,,,,,,,,,,,,,,,,,,,,,,,,,,,,,,,,,,,,,,,,,,,,,,,,,,,,,,,,,,,,,,,,,,,,,,,,,,,,,,,,,,,
5,2020-10-06,,,,,,,,,,,,,,,,,,,,,,,,,,,,,,,,,,,,,,,,,,,,,,,,,,,,,,,,,,,,,,,,,,,,,,,,,,,,,,,,,,,,,,,,,,,,,,,,,,,,,,,,,,,,
6,2020-10-07,,,,,,,,,,,,,,,,,,,,,,,,,,,,,,,,,,,,,,,,,,,,,,,,,,,,,,,,,,,,,,,,,,,,,,,,,,,,,,,,,,,,,,,,,,,,,,,,,,,,,,,,,,,,
7,2020-10-08,,,,,,,,,,,,,,,,,,,,,,,,,,,,,,,,,,,,,,,,,,,,,,,,,,,,,,,,,,,,,,,,,,,,,,,,,,,,,,,,,,,,,,,,,,,,,,,,,,,,,,,,,,,,
8,2020-10-09,,,,,,,,,,,,,,,,,,,,,,,,,,,,,,,,,,,,,,,,,,,,,,,,,,,,,,,,,,,,,,,,,,,,,,,,,,,,,,,,,,,,,,,,,,,,,,,,,,,,,,,,,,,,
9,2020-10-10,,,,,,,,,,,,,,,,,,,,,,,,,,,,,,,,,,,,,,,,,,,,,,,,,,,,,,,,,,,,,,,,,,,,,,,,,,,,,,,,,,,,,,,,,,,,,,,,,,,,,,,,,,,,
10,2020-10-11,,,,,,,,,,,,,,,,,,,,,,,,,,,,,,,,,,,,,,,,,,,,,,,,,,,,,,,,,,,,,,,,,,,,,,,,,,,,,,,,,,,,,,,,,,,,,,,,,,,,,,,,,,,,
11,2020-10-12,,,,,,,,,,,,,,,,,,,,,,,,,,,,,,,,,,,,,,,,,,,,,,,,,,,,,,,,,,,,,,,,,,,,,,,,,,,,,,,,,,,,,,,,,,,,,,,,,,,,,,,,,,,,
12,2020-10-13,,,,,,,,,,,,,,,,,,,,,,,,,,,,,,,,,,,,,,,,,,,,,,,,,,,,,,,,,,,,,,,,,,,,,,,,,,,,,,,,,,,,,,,,,,,,,,,,,,,,,,,,,,,,
13,2020-10-14,,,,,,,,,,,,,,,,,,,,,,,,,,,,,,,,,,,,,,,,,,,,,,,,,,,,,,,,,,,,,,,,,,,,,,,,,,,,,,,,,,,,,,,,,,,,,,,,,,,,,,,,,,,,
14,2020-10-15,,,,,,,,,,,,,,,,,,,,,,,,,,,,,,,,,,,,,,,,,,,,,,,,,,,,,,,,,,,,,,,,,,,,,,,,,,,,,,,,,,,,,,,,,,,,,,,,,,,,,,,,,,,,
15,2020-10-16,,,,,,,,,,,,,,,,,,,,,,,,,,,,,,,,,,,,,,,,,,,,,,,,,,,,,,,,,,,,,,,,,,,,,,,,,,,,,,,,,,,,,,,,,,,,,,,,,,,,,,,,,,,,
16,2020-10-17,,,,,,,,,,,,,,,,,,,,,,,,,,,,,,,,,,,,,,,,,,,,,,,,,,,,,,,,,,,,,,,,,,,,,,,,,,,,,,,,,,,,,,,,,,,,,,,,,,,,,,,,,,,,
17,2020-10-18,,,,,,,,,,,,,,,,,,,,,,,,,,,,,,,,,,,,,,,,,,,,,,,,,,,,,,,,,,,,,,,,,,,,,,,,,,,,,,,,,,,,,,,,,,,,,,,,,,,,,,,,,,,,
18,2020-10-19,,,,,,,,,,,,,,,,,,,,,,,,,,,,,,,,,,,,,,,,,,,,,,,,,,,,,,,,,,,,,,,,,,,,,,,,,,,,,,,,,,,,,,,,,,,,,,,,,,,,,,,,,,,,
19,2020-10-20,,,,,,,,,,,,,,,,,,,,,,,,,,,,,,,,,,,,,,,,,,,,,,,,,,,,,,,,,,,,,,,,,,,,,,,,,,,,,,,,,,,,,,,,,,,,,,,,,,,,,,,,,,,,
20,2020-10-21,,,,,,,,,,,,,,,,,,,,,,,,,,,,,,,,,,,,,,,,,,,,,,,,,,,,,,,,,,,,,,,,,,,,,,,,,,,,,,,,,,,,,,,,,,,,,,,,,,,,,,,,,,,,
21,2020-10-22,,,,,,,,,,,,,,,,,,,,,,,,,,,,,,,,,,,,,,,,,,,,,,,,,,,,,,,,,,,,,,,,,,,,,,,,,,,,,,,,,,,,,,,,,,,,,,,,,,,,,,,,,,,,
22,2020-10-23,,,,,,,,,,,,,,,,,,,,,,,,,,,,,,,,,,,,,,,,,,,,,,,,,,,,,,,,,,,,,,,,,,,,,,,,,,,,,,,,,,,,,,,,,,,,,,,,,,,,,,,,,,,,
23,2020-10-24,,,,,,,,,,,,,,,,,,,,,,,,,,,,,,,,,,,,,,,,,,,,,,,,,,,,,,,,,,,,,,,,,,,,,,,,,,,,,,,,,,,,,,,,,,,,,,,,,,,,,,,,,,,,
24,2020-10-25,,,,,,,,,,,,,,,,,,,,,,,,,,,,,,,,,,,,,,,,,,,,,,,,,,,,,,,,,,,,,,,,,,,,,,,,,,,,,,,,,,,,,,,,,,,,,,,,,,,,,,,,,,,,
25,2020-10-26,,,,,,,,,,,,,,,,,,,,,,,,,,,,,,,,,,,,,,,,,,,,,,,,,,,,,,,,,,,,,,,,,,,,,,,,,,,,,,,,,,,,,,,,,,,,,,,,,,,,,,,,,,,,
26,2020-10-27,,,,,,,,,,,,,,,,,,,,,,,,,,,,,,,,,,,,,,,,,,,,,,,,,,,,,,,,,,,,,,,,,,,,,,,,,,,,,,,,,,,,,,,,,,,,,,,,,,,,,,,,,,,,
27,2020-10-28,,,,,,,,,,,,,,,,,,,,,,,,,,,,,,,,,,,,,,,,,,,,,,,,,,,,,,,,,,,,,,,,,,,,,,,,,,,,,,,,,,,,,,,,,,,,,,,,,,,,,,,,,,,,
28,2020-10-29,,,,,,,,,,,,,,,,,,,,,,,,,,,,,,,,,,,,,,,,,,,,,,,,,,,,,,,,,,,,,,,,,,,,,,,,,,,,,,,,,,,,,,,,,,,,,,,,,,,,,,,,,,,,
29,2020-10-30,,,,,,,,,,,,,,,,,,,,,,,,,,,,,,,,,,,,,,,,,,,,,,,,,,,,,,,,,,,,,,,,,,,,,,,,,,,,,,,,,,,,,,,,,,,,,,,,,,,,,,,,,,,,
30,2020-10-31,,,,,,,,,,,,,,,,,,,,,,,,,,,,,,,,,,,,,,,,,,,,,,,,,,,,,,,,,,,,,,,,,,,,,,,,,,,,,,,,,,,,,,,,,,,,,,,,,,,,,,,,,,,,
31,2020-11-01,,,,,,,,,,,,,,,,,,,,,,,,,,,,,,,,,,,,,,,,,,,,,,,,,,,,,,,,,,,,,,,,,,,,,,,,,,,,,,,,,,,,,,,,,,,,,,,,,,,,,,,,,,,,
32,2020-11-02,,,,,,,,,,,,,,,,,,,,,,,,,,,,,,,,,,,,,,,,,,,,,,,,,,,,,,,,,,,,,,,,,,,,,,,,,,,,,,,,,,,,,,,,,,,,,,,,,,,,,,,,,,,,
33,2020-11-03,,,,,,,,,,,,,,,,,,,,,,,,,,,,,,,,,,,,,,,,,,,,,,,,,,,,,,,,,,,,,,,,,,,,,,,,,,,,,,,,,,,,,,,,,,,,,,,,,,,,,,,,,,,,
34,2020-11-04,,,,,,,,,,,,,,,,,,,,,,,,,,,,,,,,,,,,,,,,,,,,,,,,,,,,,,,,,,,,,,,,,,,,,,,,,,,,,,,,,,,,,,,,,,,,,,,,,,,,,,,,,,,,
35,2020-11-05,,,,,,,,,,,,,,,,,,,,,,,,,,,,,,,,,,,,,,,,,,,,,,,,,,,,,,,,,,,,,,,,,,,,,,,,,,,,,,,,,,,,,,,,,,,,,,,,,,,,,,,,,,,,
36,2020-11-06,,,,,,,,,,,,,,,,,,,,,,,,,,,,,,,,,,,,,,,,,,,,,,,,,,,,,,,,,,,,,,,,,,,,,,,,,,,,,,,,,,,,,,,,,,,,,,,,,,,,,,,,,,,,
37,2020-11-07,,,,,,,,,,,,,,,,,,,,,,,,,,,,,,,,,,,,,,,,,,,,,,,,,,,,,,,,,,,,,,,,,,,,,,,,,,,,,,,,,,,,,,,,,,,,,,,,,,,,,,,,,,,,
38,2020-11-08,,,,,,,,,,,,,,,,,,,,,,,,,,,,,,,,,,,,,,,,,,,,,,,,,,,,,,,,,,,,,,,,,,,,,,,,,,,,,,,,,,,,,,,,,,,,,,,,,,,,,,,,,,,,
39,2020-11-09,,,,,,,,,,,,,,,,,,,,,,,,,,,,,,,,,,,,,,,,,,,,,,,,,,,,,,,,,,,,,,,,,,,,,,,,,,,,,,,,,,,,,,,,,,,,,,,,,,,,,,,,,,,,
40,2020-11-10,,,,,,,,,,,,,,,,,,,,,,,,,,,,,,,,,,,,,,,,,,,,,,,,,,,,,,,,,,,,,,,,,,,,,,,,,,,,,,,,,,,,,,,,,,,,,,,,,,,,,,,,,,,,
41,2020-11-11,,,,,,,,,,,,,,,,,,,,,,,,,,,,,,,,,,,,,,,,,,,,,,,,,,,,,,,,,,,,,,,,,,,,,,,,,,,,,,,,,,,,,,,,,,,,,,,,,,,,,,,,,,,,
42,2020-11-12,,,,,,,,,,,,,,,,,,,,,,,,,,,,,,,,,,,,,,,,,,,,,,,,,,,,,,,,,,,,,,,,,,,,,,,,,,,,,,,,,,,,,,,,,,,,,,,,,,,,,,,,,,,,
43,2020-11-13,,,,,,,,,,,,,,,,,,,,,,,,,,,,,,,,,,,,,,,,,,,,,,,,,,,,,,,,,,,,,,,,,,,,,,,,,,,,,,,,,,,,,,,,,,,,,,,,,,,,,,,,,,,,
44,2020-11-14,,,,,,,,,,,,,,,,,,,,,,,,,,,,,,,,,,,,,,,,,,,,,,,,,,,,,,,,,,,,,,,,,,,,,,,,,,,,,,,,,,,,,,,,,,,,,,,,,,,,,,,,,,,,
45,2020-11-15,,,,,,,,,,,,,,,,,,,,,,,,,,,,,,,,,,,,,,,,,,,,,,,,,,,,,,,,,,,,,,,,,,,,,,,,,,,,,,,,,,,,,,,,,,,,,,,,,,,,,,,,,,,,
46,2020-11-16,,,,,,,,,,,,,,,,,,,,,,,,,,,,,,,,,,,,,,,,,,,,,,,,,,,,,,,,,,,,,,,,,,,,,,,,,,,,,,,,,,,,,,,,,,,,,,,,,,,,,,,,,,,,
47,2020-11-17,,,,,,,,,,,,,,,,,,,,,,,,,,,,,,,,,,,,,,,,,,,,,,,,,,,,,,,,,,,,,,,,,,,,,,,,,,,,,,,,,,,,,,,,,,,,,,,,,,,,,,,,,,,,
48,2020-11-18,,,,,,,,,,,,,,,,,,,,,,,,,,,,,,,,,,,,,,,,,,,,,,,,,,,,,,,,,,,,,,,,,,,,,,,,,,,,,,,,,,,,,,,,,,,,,,,,,,,,,,,,,,,,
49,2020-11-19,,,,,,,,,,,,,,,,,,,,,,,,,,,,,,,,,,,,,,,,,,,,,,,,,,,,,,,,,,,,,,,,,,,,,,,,,,,,,,,,,,,,,,,,,,,,,,,,,,,,,,,,,,,,
50,2020-11-20,,,,,,,,,,,,,,,,,,,,,,,,,,,,,,,,,,,,,,,,,,,,,,,,,,,,,,,,,,,,,,,,,,,,,,,,,,,,,,,,,,,,,,,,,,,,,,,,,,,,,,,,,,,,
51,2020-11-21,,,,,,,,,,,,,,,,,,,,,,,,,,,,,,,,,,,,,,,,,,,,,,,,,,,,,,,,,,,,,,,,,,,,,,,,,,,,,,,,,,,,,,,,,,,,,,,,,,,,,,,,,,,,
52,2020-11-22,,,,,,,,,,,,,,,,,,,,,,,,,,,,,,,,,,,,,,,,,,,,,,,,,,,,,,,,,,,,,,,,,,,,,,,,,,,,,,,,,,,,,,,,,,,,,,,,,,,,,,,,,,,,
53,2020-11-23,,,,,,,,,,,,,,,,,,,,,,,,,,,,,,,,,,,,,,,,,,,,,,,,,,,,,,,,,,,,,,,,,,,,,,,,,,,,,,,,,,,,,,,,,,,,,,,,,,,,,,,,,,,,
54,2020-11-24,,,,,,,,,,,,,,,,,,,,,,,,,,,,,,,,,,,,,,,,,,,,,,,,,,,,,,,,,,,,,,,,,,,,,,,,,,,,,,,,,,,,,,,,,,,,,,,,,,,,,,,,,,,,
55,2020-11-25,,,,,,,,,,,,,,,,,,,,,,,,,,,,,,,,,,,,,,,,,,,,,,,,,,,,,,,,,,,,,,,,,,,,,,,,,,,,,,,,,,,,,,,,,,,,,,,,,,,,,,,,,,,,
56,2020-11-26,,,,,,,,,,,,,,,,,,,,,,,,,,,,,,,,,,,,,,,,,,,,,,,,,,,,,,,,,,,,,,,,,,,,,,,,,,,,,,,,,,,,,,,,,,,,,,,,,,,,,,,,,,,,
57,2020-11-27,,,,,,,,,,,,,,,,,,,,,,,,,,,,,,,,,,,,,,,,,,,,,,,,,,,,,,,,,,,,,,,,,,,,,,,,,,,,,,,,,,,,,,,,,,,,,,,,,,,,,,,,,,,,
58,2020-11-28,,,,,,,,,,,,,,,,,,,,,,,,,,,,,,,,,,,,,,,,,,,,,,,,,,,,,,,,,,,,,,,,,,,,,,,,,,,,,,,,,,,,,,,,,,,,,,,,,,,,,,,,,,,,
59,2020-11-29,,,,,,,,,,,,,,,,,,,,,,,,,,,,,,,,,,,,,,,,,,,,,,,,,,,,,,,,,,,,,,,,,,,,,,,,,,,,,,,,,,,,,,,,,,,,,,,,,,,,,,,,,,,,
60,2020-11-30,,,,,,,,,,,,,,,,,,,,,,,,,,,,,,,,,,,,,,,,,,,,,,,,,,,,,,,,,,,,,,,,,,,,,,,,,,,,,,,,,,,,,,,,,,,,,,,,,,,,,,,,,,,,
61,2020-12-01,,,,,,,,,,,,,,,,,,,,,,,,,,,,,,,,,,,,,,,,,,,,,,,,,,,,,,,,,,,,,,,,,,,,,,,,,,,,,,,,,,,,,,,,,,,,,,,,,,,,,,,,,,,,
62,2020-12-02,,,,,,,,,,,,,,,,,,,,,,,,,,,,,,,,,,,,,,,,,,,,,,,,,,,,,,,,,,,,,,,,,,,,,,,,,,,,,,,,,,,,,,,,,,,,,,,,,,,,,,,,,,,,
63,2020-12-03,,,,,,,,,,,,,,,,,,,,,,,,,,,,,,,,,,,,,,,,,,,,,,,,,,,,,,,,,,,,,,,,,,,,,,,,,,,,,,,,,,,,,,,,,,,,,,,,,,,,,,,,,,,,
64,2020-12-04,,,,,,,,,,,,,,,,,,,,,408.39,-1.0,43.81,47.28,,,,438.16,,,45.07,-4.28,,,,-18.5,438.16,1.39,,56.37,,,,425.75,,18.5,0.42,,9.86,,,389.89,,,,,,9.44,-0.6,,,,,,,408.39,,,,,,,455.66,,,31.25,368.62,456.66,-2.2,,,389.89,,,367.67,,,43.63,-0.12,9.86,367.67,456.66,,,,,,,,268.25,,40.95,,,368.69,,66.85,7.58
65,2020-12-05,,,,,,,,,,,,,,,,,,,,,,,,,,,,,,,,,,,,,,,,,,,,,,,,,,,,,,,,,,,,,,,,,,,,,,,,,,,,,,,,,,,,,,,,,,,,,,,,,,,,,,,,,,,,
66,2020-12-06,,,,,,,,,,,,,,,,,,,,,,,,,,,,,,,,,,,,,,,,,,,,,,,,,,,,,,,,,,,,,,,,,,,,,,,,,,,,,,,,,,,,,,,,,,,,,,,,,,,,,,,,,,,,
67,2020-12-07,,,,,,,,,,,,,,,,,17.92,43.37,-4.54,,406.27,-1.0,43.54,47.27,,44.98,48.08,441.41,,5.76,45.09,-4.54,,433.91,,-18.5,441.41,1.01,,56.82,,,,424.25,-77.66,18.75,0.42,4.71,10.29,433.91,,387.52,24.0,,449.68,,-7.58,9.9,-0.56,,,,,3.21,-8.39,406.27,56.82,45.09,,1.43,,,458.91,1.43,373.75,31.5,382.04,459.91,-2.43,,44.98,387.52,52.79,,365.31,,,43.37,-0.12,10.29,365.31,459.91,375.75,32.5,248.25,1.46,12.95,,,271.0,,40.69,,,357.49,,66.4,7.25
68,2020-12-08,,,,,,,,,,,,,,,,,15.75,43.74,-4.24,,408.15,-1.0,43.92,47.27,,45.06,48.16,440.91,,5.85,45.16,-4.24,,432.91,,-18.0,440.91,0.68,,56.51,,,,425.5,-73.91,17.25,0.4,4.8,10.08,432.91,,390.9,23.5,,450.68,,-7.62,9.51,-0.73,,,,,3.3,-8.54,408.15,56.51,45.16,,1.44,,,457.91,1.44,376.0,31.5,380.5,458.91,-2.3,,45.06,390.9,52.96,,368.68,,,43.74,-0.12,10.08,368.68,458.91,378.0,32.5,248.25,1.46,12.92,,,271.0,,40.62,,,360.04,,64.03,7.29
69,2020-12-09,,,,,,,,,-2.98,268.75,85.33,247.0,44.73,421.99,51.19,1.45,16.25,43.63,-4.2,,407.67,-1.0,43.81,46.88,,45.03,48.01,437.66,,5.73,45.13,-4.2,,429.66,,-18.0,437.66,0.75,,55.98,,,,423.0,-71.16,17.75,0.35,4.68,9.82,429.66,,389.92,23.0,,448.74,,-7.7,9.13,-0.82,,,,,3.18,-8.5,407.67,55.98,45.13,,1.44,,,454.66,1.44,375.0,31.5,375.55,455.66,-2.2,,45.03,389.92,52.69,,367.7,,,43.63,-0.12,9.82,367.7,455.66,377.0,32.5,247.0,1.46,12.81,,,270.0,,40.76,,,358.39,,63.08,7.21
70,2020-12-10,,,,,,,,,-3.09,273.75,88.0,251.25,45.24,435.49,52.34,1.48,16.0,44.47,-4.1,,414.6,-1.0,44.65,47.55,,45.66,48.75,452.0,,6.14,45.8,-4.1,,443.0,,-18.0,452.0,1.09,,57.84,,,,431.75,-75.75,17.25,0.35,5.09,10.9,442.5,,397.35,23.0,,457.88,,-7.78,10.25,-0.75,,,,,3.59,-8.49,414.6,57.84,45.8,,1.46,,,469.0,1.46,383.75,32.5,385.1,470.0,-2.16,,45.66,397.35,53.84,,375.13,,,44.47,-0.12,10.9,375.13,470.0,384.5,33.5,251.25,1.48,13.21,,,275.0,,41.26,,,367.06,,64.78,7.57
71,2020-12-11,,,,,,,,,-3.1,272.0,89.08,250.5,45.05,429.49,52.2,1.47,15.5,44.22,-4.18,,412.42,-1.0,44.4,47.38,,45.48,48.58,445.25,,6.17,45.61,-4.18,,436.75,,-18.0,445.25,1.27,,57.06,,,,430.0,-72.25,17.25,0.35,5.12,10.21,436.25,,395.17,22.75,,455.97,,-7.72,9.64,-0.7,,,,,3.62,-8.43,412.42,57.06,45.61,,1.45,,,462.25,1.45,380.75,32.0,388.34,463.25,-2.24,,45.48,395.17,53.7,,372.95,,,44.22,-0.12,10.21,372.95,463.25,378.0,33.0,250.5,1.48,13.29,,,273.25,,41.15,,,366.83,,64.8,7.48
72,2020-12-12,,,,,,,,,,,,,,,,,,,,,,,,,,,,,,,,,,,,,,,,,,,,,,,,,,,,,,,,,,,,,,,,,,,,,,,,,,,,,,,,,,,,,,,,,,,,,,,,,,,,,,,,,,,,
73,2020-12-13,,,,,,,,,,,,,,,,,,,,,,,,,,,,,,,,,,,,,,,,,,,,,,,,,,,,,,,,,,,,,,,,,,,,,,,,,,,,,,,,,,,,,,,,,,,,,,,,,,,,,,,,,,,,
74,2020-12-14,,,,,,,,,-3.19,273.25,89.08,251.0,45.45,427.99,52.54,1.49,15.25,44.63,-4.27,,415.02,-1.0,44.81,47.64,,45.89,49.08,443.5,-0.11,6.01,46.03,-4.27,,435.25,,-18.0,443.5,0.88,-0.08,56.79,-0.05,1.46,8.28,434.25,-68.25,16.25,0.4,4.96,9.49,434.75,,398.77,23.75,,460.57,,-7.79,8.87,-0.76,-0.03,,,,3.46,-8.9,415.02,56.79,46.03,461.32,1.46,,,460.5,1.46,384.25,31.75,391.07,461.5,-2.45,,45.89,398.77,54.04,,376.55,,,44.63,-0.12,9.49,376.55,461.5,381.5,32.75,251.0,1.49,13.32,787.05,0.93,274.5,-0.01,41.18,0.2,0.58,369.51,0.87,65.81,7.53
75,2020-12-15,,,,,,,,,-3.15,274.0,88.92,252.25,45.87,435.99,52.9,1.5,17.5,44.91,-4.37,,419.74,-1.0,45.08,48.04,,46.3,49.45,451.75,-0.1,6.0,46.44,-4.37,,443.0,,-18.0,451.75,0.85,-0.08,57.79,-0.05,1.47,8.42,437.25,-72.5,18.5,0.75,4.95,10.16,442.5,,401.24,21.75,,462.23,,-7.89,9.5,-0.81,-0.03,,,,3.45,-9.1,419.74,57.79,46.44,462.98,1.47,,,468.75,1.47,385.75,32.25,407.92,469.75,-2.29,,46.3,401.24,54.4,,379.02,,,44.91,-0.12,10.16,379.02,469.75,383.0,33.25,252.25,1.51,13.46,788.15,0.95,275.25,-0.01,41.35,0.2,0.58,373.06,0.88,64.99,7.36
76,2020-12-16,,,,,,,,,-3.23,276.5,89.58,255.25,46.07,436.49,53.4,1.51,17.5,45.25,-4.32,,422.59,-1.0,45.43,48.22,,46.52,49.75,452.91,-0.11,6.2,46.67,-4.32,,443.91,,-18.0,452.91,1.1,-0.08,57.99,-0.05,1.47,8.54,440.5,-69.41,18.25,0.75,5.15,10.01,443.66,,404.34,22.75,,466.57,,-7.9,9.45,-0.73,-0.03,,,,3.65,-8.95,422.59,57.99,46.67,467.32,1.48,,,469.91,1.48,390.75,32.5,391.34,470.91,-2.27,,46.52,404.34,54.9,,382.12,,,45.25,-0.12,10.01,382.12,470.91,389.0,33.5,255.25,1.51,13.58,785.07,1.06,277.75,-0.01,41.8,0.2,0.61,374.33,0.88,66.23,7.58
77,2020-12-17,,,,,,,,,-3.19,279.5,90.5,258.0,46.69,442.99,53.87,1.52,17.25,45.9,-4.27,,428.35,-1.0,46.08,48.82,,47.16,50.35,459.25,-0.11,6.07,47.3,-4.27,,450.25,,-18.0,459.25,0.72,-0.08,58.83,-0.06,1.47,8.31,444.25,-70.75,18.25,0.75,5.02,10.22,450.0,,410.1,22.5,,470.59,,-8.06,9.69,-0.74,-0.03,,,,3.52,-9.1,428.35,58.83,47.3,471.34,1.5,,,476.25,1.5,395.5,32.5,395.02,477.25,-2.22,,47.16,410.1,55.37,,387.89,,,45.9,-0.13,10.22,387.89,477.25,393.75,33.5,258.0,1.53,13.56,792.56,1.06,280.75,-0.01,42.25,0.2,0.61,377.83,0.89,64.48,7.47
78,2020-12-18,,,,,,,,,-3.26,284.0,89.5,262.25,47.02,447.99,54.5,1.53,16.92,46.57,-4.03,,434.08,-1.0,46.75,49.25,,47.52,50.78,465.25,-0.12,6.27,47.68,-4.03,,455.25,,-18.0,465.25,0.81,-0.08,59.51,-0.05,1.49,8.63,448.25,-72.25,18.0,0.78,5.22,10.55,455.0,,416.08,22.75,,475.82,,-7.81,9.94,-0.73,-0.03,,,,3.72,-8.91,434.08,59.51,47.68,476.57,1.51,,,482.25,1.51,399.25,33.5,401.68,483.25,-2.01,,47.52,416.08,56.0,,393.86,,,46.57,-0.12,10.55,393.86,483.25,397.5,34.5,262.25,1.54,13.67,795.65,1.08,285.25,-0.01,42.86,0.2,0.61,382.47,0.88,63.74,7.66
79,2020-12-19,,,,,,,,,,,,,,,,,,,,,,,,,,,,,,,,,,,,,,,,,,,,,,,,,,,,,,,,,,,,,,,,,,,,,,,,,,,,,,,,,,,,,,,,,,,,,,,,,,,,,,,,,,,,
80,2020-12-20,,,,,,,,,,,,,,,,,,,,,,,,,,,,,,,,,,,,,,,,,,,,,,,,,,,,,,,,,,,,,,,,,,,,,,,,,,,,,,,,,,,,,,,,,,,,,,,,,,,,,,,,,,,,
81,2020-12-21,,,,,,,,,-3.24,278.0,86.83,255.75,46.23,432.65,53.07,1.51,15.75,45.42,-4.31,,423.28,-1.0,45.59,48.36,,46.66,49.9,448.75,-0.11,5.72,46.79,-4.31,,440.25,,-18.0,448.75,0.27,-0.08,57.22,-0.05,1.49,8.36,439.75,-69.0,17.5,0.55,4.67,9.33,440.0,,405.78,16.75,,465.68,,-8.03,8.53,-1.0,-0.03,,,,3.17,-9.15,423.28,57.22,46.79,466.18,1.49,,,465.75,1.49,381.5,32.0,398.34,466.75,-2.34,,46.66,405.78,54.57,,383.56,,,45.42,-0.12,9.33,383.56,466.75,379.75,33.0,255.75,1.52,13.4,794.55,1.03,279.25,-0.01,41.75,0.2,0.61,372.67,0.89,63.9,7.33
82,2020-12-22,,,,,,,,,-3.28,273.0,86.83,251.0,45.62,435.65,52.54,1.5,17.25,44.62,-4.48,,416.69,-1.0,44.8,47.62,,46.0,49.28,452.41,-0.1,5.81,46.12,-4.48,,443.41,,-18.0,452.41,0.16,-0.08,57.56,-0.05,1.48,8.47,434.0,-79.41,18.0,0.46,4.76,10.42,443.16,,398.69,23.0,,460.95,,-8.18,9.49,-1.09,-0.03,,,,3.26,-9.24,416.69,57.56,46.12,461.45,1.47,,,469.41,1.47,380.5,32.5,395.44,470.41,-2.46,,46.0,398.69,54.04,,376.48,,,44.62,-0.12,10.42,376.48,470.41,378.0,33.5,251.0,1.51,13.51,797.85,1.04,274.0,-0.01,41.04,0.2,0.61,360.1,0.9,66.25,7.38
83,2020-12-23,,,,,,,,,-3.25,280.0,89.25,258.25,46.43,441.74,53.85,1.52,17.25,45.73,-4.19,,427.06,-1.0,45.91,48.4,,46.85,50.1,458.5,-0.11,6.3,46.99,-4.19,,449.25,,-18.0,458.5,0.62,-0.08,58.38,-0.05,1.49,8.68,442.0,-75.25,18.5,0.5,5.25,10.37,448.75,,408.56,23.25,,469.68,,-8.07,9.49,-1.05,-0.03,,,,3.75,-8.89,427.06,58.38,46.99,470.18,1.49,,,475.5,1.49,390.75,32.75,397.8,476.5,-2.12,,46.85,408.56,55.35,,386.34,,,45.73,-0.12,10.37,386.34,476.5,388.25,33.75,258.25,1.53,13.72,802.92,1.01,281.0,-0.01,42.21,0.2,0.61,368.05,0.92,65.12,7.61
84,2020-12-24,,,,,,,,,-3.34,280.5,89.33,259.0,46.56,438.74,53.89,1.52,17.5,46.0,-4.11,,429.23,-1.0,46.18,48.53,,46.95,50.29,455.66,-0.12,6.16,47.08,-4.11,,446.41,,-17.75,455.66,0.5,-0.08,58.0,-0.05,1.51,8.45,442.5,-72.16,18.25,0.5,5.11,9.79,445.91,,410.98,21.75,,470.77,,-8.08,8.92,-1.05,-0.03,,,,3.61,-8.98,429.23,58.0,47.08,471.27,1.49,,,472.41,1.49,389.5,32.5,399.73,473.41,-2.06,,46.95,410.98,55.39,,388.77,,,46.0,-0.12,9.79,388.77,473.41,387.0,33.5,259.0,1.53,13.49,802.7,0.98,281.5,-0.01,42.81,0.2,0.61,369.03,0.92,63.78,7.55
85,2020-12-25,,,,,,,,,,,,,,,,,,,,,,,,,,,,,,,,,,,,,,,,,,,,,,,,,,,,,,,,,,,,,,,,,,,,,,,,,,,,,,,,,,,,,,,,,,,,,,,,,,,,,,,,,,,,
86,2020-12-26,,,,,,,,,,,,,,,,,,,,,,,,,,,,,,,,,,,,,,,,,,,,,,,,,,,,,,,,,,,,,,,,,,,,,,,,,,,,,,,,,,,,,,,,,,,,,,,,,,,,,,,,,,,,
87,2020-12-27,,,,,,,,,,,,,,,,,,,,,,,,,,,,,,,,,,,,,,,,,,,,,,,,,,,,,,,,,,,,,,,,,,,,,,,,,,,,,,,,,,,,,,,,,,,,,,,,,,,,,,,,,,,,
88,2020-12-28,,,,,,,,,-3.31,277.75,89.58,255.75,46.15,441.24,53.46,1.51,17.5,45.51,-4.2,,424.88,-1.0,45.69,48.09,,46.58,49.89,457.91,-0.12,6.12,46.71,-4.2,,448.91,,-17.75,457.91,0.56,-0.08,58.19,-0.05,1.52,8.39,438.75,-78.41,18.25,0.35,5.07,10.47,448.41,,406.63,22.75,,467.12,,-8.2,9.51,-1.19,-0.03,,,,3.57,-9.05,424.88,58.19,46.71,467.62,1.48,,,474.66,1.48,386.75,32.25,396.97,475.66,-2.15,,46.58,406.63,54.96,,384.42,,,45.51,-0.12,10.47,384.42,475.66,384.25,33.25,255.75,1.52,13.43,796.09,1.01,278.75,-0.01,42.34,0.3,0.61,366.03,0.92,64.49,7.51
89,2020-12-29,,,,,,,,,-3.33,279.5,90.25,258.0,46.4,440.24,53.82,1.52,17.5,45.8,-4.21,,427.65,-1.0,45.97,48.41,,46.85,50.18,457.16,-0.11,6.19,46.98,-4.21,,447.66,,-17.75,457.16,0.4,-0.08,58.06,-0.05,1.54,8.59,440.75,-74.66,18.5,0.36,5.14,10.09,447.16,,409.15,23.0,,469.37,,-8.21,9.07,-1.19,-0.03,,,,3.64,-9.01,427.65,58.06,46.98,469.87,1.49,,,473.91,1.49,389.75,32.5,400.17,474.91,-2.13,,46.85,409.15,55.32,,386.93,,,45.8,-0.12,10.09,386.93,474.91,387.25,33.5,258.0,1.53,13.63,799.84,1.0,280.5,-0.01,42.67,0.3,0.6,367.82,0.92,64.22,7.49
90,2020-12-30,,,,,,,,,-3.35,282.0,89.08,260.75,46.45,440.24,54.41,1.52,17.25,46.22,-3.85,,431.43,-1.0,46.4,48.52,,46.9,50.25,456.66,-0.12,6.72,47.04,-3.85,,447.66,,-17.75,456.66,0.6,-0.08,58.2,-0.05,1.56,8.66,442.5,-73.41,18.5,0.29,5.67,9.96,446.91,,412.93,23.75,,474.01,,-7.96,9.14,-1.02,-0.03,,,,4.17,-8.65,431.43,58.2,47.04,474.51,1.51,,,473.41,1.51,391.5,32.25,442.09,474.41,-1.77,,46.9,412.93,55.91,,390.72,,,46.22,-0.12,9.96,390.72,474.41,389.0,33.25,260.75,1.53,13.7,818.8,1.01,283.0,-0.01,43.1,0.3,0.6,370.7,0.94,65.08,7.98
91,2020-12-31,,,,,,,,,-3.33,281.5,88.5,259.5,46.36,437.24,54.34,1.52,18.0,46.54,-3.45,,434.03,-1.0,46.72,48.52,,46.84,50.17,453.66,-0.13,6.72,47.0,-3.45,,444.66,,-17.75,453.66,0.69,-0.08,57.89,-0.05,1.59,8.56,441.75,-73.91,18.25,0.29,5.67,9.66,444.16,,415.78,26.75,,472.49,,-8.01,9.21,-0.93,-0.03,,,,4.17,-8.74,434.03,57.89,47.0,472.99,1.51,,,470.41,1.51,391.0,32.25,442.87,471.41,-1.4,,46.84,415.78,55.84,,393.56,,,46.54,-0.12,9.66,393.56,471.41,388.5,33.25,259.5,1.53,13.6,828.94,1.0,282.5,-0.01,42.93,0.3,0.6,370.22,1.02,60.71,7.87
92,2021-01-01,,,,,,,,,,,,,,,,,,,,,,,,,,,,,,,,,,,,,,,,,,,,,,,,,,,,,,,,,,,,,,,,,,,,,,,,,,,,,,,,,,,,,,,,,,,,,,,,,,,,,,,,,,,,
93,2021-01-02,,,,,,,,,,,,,,,,,,,,,,,,,,,,,,,,,,,,,,,,,,,,,,,,,,,,,,,,,,,,,,,,,,,,,,,,,,,,,,,,,,,,,,,,,,,,,,,,,,,,,,,,,,,,
94,2021-01-03,,,,,,,,,,,,,,,,,,,,,,,,,,,,,,,,,,,,,,,,,,,,,,,,,,,,,,,,,,,,,,,,,,,,,,,,,,,,,,,,,,,,,,,,,,,,,,,,,,,,,,,,,,,,
95,2021-01-04,,,,,,,,,-3.29,278.5,88.53,255.75,45.98,436.74,53.41,1.5,19.0,45.83,-3.72,,428.94,-1.0,46.0,48.05,,46.43,49.72,453.0,-0.11,6.24,46.57,-3.72,,444.0,,-17.75,453.0,0.46,-0.08,57.73,-0.04,1.59,8.33,436.25,-74.3,19.5,0.28,5.19,10.02,443.5,,409.44,22.97,,465.82,,-8.02,9.21,-0.99,-0.03,,,,3.69,-8.9,428.94,57.73,46.57,466.32,1.49,,,469.75,1.49,386.17,32.25,439.58,470.75,-1.52,,46.43,409.44,54.91,,387.22,,,45.83,-0.12,10.02,387.22,470.75,385.92,33.25,255.75,1.51,13.37,826.29,1.0,279.5,-0.01,42.32,0.3,0.6,366.03,1.0,60.38,7.52
96,2021-01-05,,,,,,,,,-3.38,292.25,88.33,269.5,46.9,448.49,55.53,1.55,18.0,47.99,-3.59,,440.88,-1.0,47.37,49.41,,47.59,50.97,464.25,-0.11,7.11,47.81,-3.59,,455.75,,-17.75,464.25,1.17,-0.08,59.28,-0.04,1.6,9.12,449.25,-71.25,19.25,0.26,6.06,10.2,454.25,,421.63,22.5,,480.36,,-7.34,9.51,-1.03,-0.03,,,,4.56,-7.88,440.88,59.28,47.81,481.61,1.54,,,481.0,1.54,400.5,31.75,411.13,482.0,-1.43,,47.59,421.63,57.03,,399.41,,,47.99,-0.12,10.2,399.41,482.0,396.25,32.75,269.5,1.56,14.16,848.34,1.02,293.25,-0.01,44.59,0.3,0.6,377.42,1.05,62.73,8.02
97,2021-01-06,,,,,,,,,-3.35,291.75,83.08,270.0,46.73,449.66,55.55,1.55,18.42,47.76,-3.74,,439.12,-1.0,47.15,49.26,,47.53,50.88,465.09,-0.11,7.22,47.81,-3.74,,456.34,,-17.75,465.09,1.13,-0.08,59.25,-0.05,1.58,9.1,447.75,-73.34,19.5,0.15,6.17,10.39,455.09,,419.62,23.25,,482.49,,-7.0,9.57,-1.13,-0.03,,,,4.67,-7.62,439.12,59.25,47.81,483.74,1.55,,,481.84,1.55,399.75,32.0,402.74,482.84,-1.55,,47.53,419.62,57.05,,397.4,,,47.76,-0.13,10.39,397.4,482.84,395.5,33.0,270.0,1.55,14.35,855.39,1.21,292.75,-0.01,44.77,0.35,0.6,377.78,1.08,65.87,8.24
98,2021-01-07,,,,,,,,,-3.38,292.5,81.58,270.75,47.04,449.91,55.69,1.56,17.75,48.13,-3.65,,441.64,-1.0,47.52,49.32,,47.78,51.17,465.84,-0.11,7.08,48.03,-3.65,,456.59,,-17.5,465.84,0.94,-0.11,59.38,-0.05,1.58,8.93,448.75,-74.09,18.75,0.25,6.03,10.17,455.59,,422.89,24.75,,483.32,,-6.88,9.41,-1.04,-0.03,,,,4.53,-7.81,441.64,59.38,48.03,484.57,1.55,,,482.34,1.55,400.75,32.25,402.19,483.34,-1.54,,47.78,422.89,57.19,,400.68,,,48.13,-0.13,10.17,400.68,483.34,396.5,33.25,270.75,1.56,14.18,857.16,1.25,293.25,-0.01,44.85,0.35,0.6,380.06,1.04,63.43,8.06
99,2021-01-08,,,,,,,,,-3.51,301.75,84.67,277.75,47.73,455.75,57.22,1.58,17.75,49.62,-3.09,,454.37,-1.0,49.0,50.26,,48.58,52.09,471.84,-0.12,7.67,48.87,-3.09,,462.34,,-17.5,471.84,1.09,-0.11,60.16,-0.05,1.6,8.99,458.0,-67.34,18.25,0.3,6.62,10.01,461.34,,436.12,22.0,,494.37,,-6.67,9.26,-1.03,-0.03,,,,5.12,-7.66,454.37,60.16,48.87,495.62,1.58,,,488.34,1.58,410.5,32.5,399.34,489.34,-1.04,,48.58,436.12,58.72,,413.9,,,49.62,-0.13,10.01,413.9,489.34,406.25,33.5,277.75,1.58,14.24,865.75,1.14,301.0,-0.01,45.94,0.35,0.6,391.05,1.02,61.25,8.45
100,2021-01-09,,,,,,,,,,,,,,,,,,,,,,,,,,,,,,,,,,,,,,,,,,,,,,,,,,,,,,,,,,,,,,,,,,,,,,,,,,,,,,,,,,,,,,,,,,,,,,,,,,,,,,,,,,,,
101,2021-01-10,,,,,,,,,,,,,,,,,,,,,,,,,,,,,,,,,,,,,,,,,,,,,,,,,,,,,,,,,,,,,,,,,,,,,,,,,,,,,,,,,,,,,,,,,,,,,,,,,,,,,,,,,,,,
102,2021-01-11,,,,,,,,,-3.41,299.5,86.08,276.5,47.95,457.0,56.77,1.57,16.92,49.31,-3.49,,451.87,-1.0,48.69,50.4,,48.77,52.18,472.34,-0.12,7.29,49.06,-3.49,,463.34,,-17.5,472.34,0.83,-0.1,60.13,-0.05,1.58,8.62,458.25,-69.84,18.5,0.15,6.09,9.98,462.09,,433.37,22.75,,491.81,,-6.97,9.14,-1.2,-0.04,,,,4.59,-7.87,451.87,60.13,49.06,493.06,1.57,,,488.84,1.57,409.75,32.0,376.51,489.84,-1.41,,48.77,433.37,58.27,,411.15,,,49.31,-0.13,9.98,411.15,489.84,404.0,33.0,276.5,1.57,13.87,852.09,1.16,298.75,-0.01,45.81,0.35,0.6,390.32,1.09,61.44,8.06
103,2021-01-12,,,,,,,,,-3.37,303.5,90.25,281.75,48.54,466.75,57.61,1.59,16.5,50.11,-3.35,,458.23,-1.0,49.49,51.08,,49.48,52.84,482.68,-0.12,7.47,49.79,-3.35,,472.68,,-17.5,482.68,1.02,-0.1,61.37,-0.05,1.65,8.76,465.0,-70.43,17.75,0.2,6.32,10.63,471.43,,440.48,21.75,,499.47,,-7.05,9.72,-1.21,-0.04,,,,4.77,-7.68,458.23,61.37,49.79,500.72,1.59,,,499.18,1.59,417.5,33.0,373.79,500.18,-1.36,,49.48,440.48,59.16,,418.26,,,50.11,-0.13,10.63,418.26,500.18,411.75,34.0,281.75,1.59,14.01,849.0,0.99,302.75,-0.01,46.66,0.4,0.6,396.75,1.0,61.99,8.32
104,2021-01-13,,,,,,,,,-3.28,304.25,90.83,282.75,48.93,466.0,57.42,1.59,16.08,49.84,-3.82,,456.08,-1.0,49.22,51.28,,49.77,53.04,481.43,-0.11,7.07,50.03,-3.82,,471.93,,-17.5,481.43,0.83,-0.09,61.08,-0.05,1.62,8.56,464.75,-71.18,18.0,0.1,5.92,10.27,470.43,,438.08,21.25,,498.59,,-7.14,9.23,-1.39,-0.04,,,,4.37,-7.9,456.08,61.08,50.03,500.34,1.59,,,497.93,1.59,415.5,32.5,378.04,498.93,-1.8,,49.77,438.08,58.97,,415.86,,,49.84,-0.13,10.27,415.86,498.93,410.5,33.5,282.75,1.59,13.81,845.47,0.94,303.5,,46.65,0.35,0.6,395.61,0.95,63.52,8.01
105,2021-01-14,,,,,,,,,-3.32,306.5,92.08,285.0,49.1,465.0,58.09,1.61,16.67,50.33,-3.59,,460.23,-1.0,49.72,51.54,,49.98,53.3,480.34,-0.12,7.48,50.27,-3.59,,471.34,,-17.5,480.34,0.75,-0.1,60.92,-0.05,1.61,8.83,468.0,-67.84,17.75,0.07,6.33,9.87,470.09,,442.48,19.5,,502.85,,-7.07,8.78,-1.48,-0.04,,,,4.78,-7.78,460.23,60.92,50.27,504.6,1.6,,,496.84,1.6,416.5,32.0,375.07,497.84,-1.59,,49.98,442.48,59.64,,420.26,,,50.33,-0.13,9.87,420.26,497.84,410.5,33.0,285.0,1.61,14.29,852.31,0.93,305.75,,47.03,0.4,0.59,396.96,0.95,63.37,8.26
106,2021-01-15,,,,,,,,,-3.23,299.0,92.17,278.0,48.62,459.25,57.04,1.59,16.5,49.35,-3.88,,452.04,-1.0,48.74,50.83,,49.38,52.62,475.59,-0.11,7.12,49.61,-3.88,,465.84,,-17.5,475.59,0.41,-0.11,60.16,-0.05,1.61,8.59,461.0,-71.09,18.25,0.16,5.97,9.96,464.34,,433.79,21.0,,495.79,,-7.3,8.72,-1.46,-0.04,,,,4.42,-8.22,452.04,60.16,49.61,497.54,1.59,,,492.09,1.59,409.0,33.0,363.77,493.09,-1.82,,49.38,433.79,58.59,,411.57,,,49.35,-0.13,9.96,411.57,493.09,403.75,34.0,278.0,1.59,14.05,834.23,1.06,298.25,,45.9,0.3,0.59,389.19,1.0,65.01,8.1
107,2021-01-16,,,,,,,,,,,,,,,,,,,,,,,,,,,,,,,,,,,,,,,,,,,,,,,,,,,,,,,,,,,,,,,,,,,,,,,,,,,,,,,,,,,,,,,,,,,,,,,,,,,,,,,,,,,,
108,2021-01-17,,,,,,,,,,,,,,,,,,,,,,,,,,,,,,,,,,,,,,,,,,,,,,,,,,,,,,,,,,,,,,,,,,,,,,,,,,,,,,,,,,,,,,,,,,,,,,,,,,,,,,,,,,,,
109,2021-01-18,,,,,,,,,-3.39,297.0,93.08,275.75,48.13,459.75,56.56,1.58,16.5,49.08,-3.76,,449.32,-1.0,48.46,50.47,,48.84,52.23,475.59,-0.1,7.03,49.06,-3.76,,466.34,,-17.25,475.59,0.44,-0.1,60.11,-0.05,1.61,8.56,458.75,-74.09,18.0,0.16,5.93,10.32,464.84,,431.32,23.0,,492.2,,-7.24,9.04,-1.58,-0.04,,,,4.33,-8.18,449.32,60.11,49.06,493.95,1.57,,,491.84,1.57,408.5,32.25,357.55,492.84,-1.74,,48.84,431.32,58.16,,409.1,,,49.08,-0.13,10.32,409.1,492.84,404.5,33.25,275.75,1.58,14.02,834.23,1.09,296.25,,45.54,0.3,0.58,386.69,1.0,63.88,8.06
110,2021-01-19,,,,,,,,,-3.37,302.25,93.0,281.0,48.62,465.75,57.31,1.59,17.0,49.79,-3.66,,456.12,-1.0,49.17,51.06,,49.46,52.83,481.18,-0.12,7.23,49.72,-3.66,,471.68,,-17.25,481.18,0.98,-0.1,60.96,-0.05,1.59,8.65,463.5,-75.68,18.5,0.2,6.08,10.42,470.43,,437.62,21.5,,497.5,,-7.2,9.27,-1.49,-0.04,,,,4.48,-7.84,456.12,60.96,49.72,499.25,1.59,,,497.43,1.59,411.0,32.25,352.4,498.43,-1.58,,49.46,437.62,58.91,,415.41,,,49.79,-0.13,10.42,415.41,498.43,407.0,33.25,281.0,1.6,14.11,820.56,1.13,301.5,,46.49,0.35,0.58,391.12,1.0,63.63,8.18
111,2021-01-20,,,,,,,,,-3.27,301.5,93.33,280.25,48.54,465.84,57.4,1.6,16.67,49.48,-3.82,,453.36,-1.0,48.86,51.04,,49.42,52.68,480.68,-0.11,7.47,49.69,-3.82,,471.68,,-17.25,480.68,1.1,-0.13,61.01,-0.06,1.59,8.83,463.5,-75.43,18.5,0.25,6.32,10.5,470.18,,434.86,22.5,,496.57,,-7.1,9.48,-1.43,-0.04,,,,4.72,-7.93,453.36,61.01,49.69,498.32,1.59,,,496.93,1.59,412.25,31.75,364.03,497.93,-1.74,,49.42,434.86,59.0,,412.65,,,49.48,-0.14,10.5,412.65,497.93,410.0,32.75,280.25,1.6,14.5,820.56,1.07,300.75,,46.26,0.35,0.58,389.55,1.03,65.45,8.22
112,2021-01-21,,,,,,,,,-3.28,300.75,91.5,280.0,48.48,463.34,57.51,1.6,17.75,49.54,-3.72,,454.67,-1.0,48.92,50.87,,49.36,52.64,476.76,-0.11,7.62,49.64,-3.72,,469.01,,-17.75,476.76,1.1,-0.13,60.51,-0.06,1.62,8.74,462.75,-74.01,19.25,0.2,6.47,10.11,467.51,,435.42,23.0,,497.64,,-7.02,9.02,-1.57,-0.04,,,,4.87,-7.85,454.67,60.51,49.64,499.39,1.6,,,493.51,1.6,411.5,31.0,363.45,494.51,-1.56,,49.36,435.42,59.11,,413.21,,,49.54,-0.14,10.11,413.21,494.51,407.5,32.0,280.0,1.6,14.62,834.23,0.98,300.0,,46.29,0.35,0.58,388.94,1.03,65.97,8.39
113,2021-01-22,,,,,,,,,-3.39,297.25,89.92,276.25,47.92,458.59,56.96,1.58,17.75,49.1,-3.67,,450.98,-1.0,48.48,50.23,,48.76,52.15,470.18,-0.12,7.56,49.02,-3.67,,464.18,,-17.75,470.18,1.29,-0.13,59.84,-0.07,1.58,8.25,458.5,-73.93,19.5,0.1,6.41,9.77,462.93,,431.48,22.75,,493.64,,-7.16,8.83,-1.63,-0.04,,,,4.81,-7.99,450.98,59.84,49.02,495.39,1.58,,,486.93,1.58,406.75,29.0,372.83,487.93,-1.48,,48.76,431.48,58.56,,409.26,,,49.1,-0.15,9.77,409.26,487.93,402.75,30.0,276.25,1.58,14.34,822.54,0.99,297.0,,45.66,0.35,0.58,384.7,1.03,65.91,8.4
114,2021-01-23,,,,,,,,,,,,,,,,,,,,,,,,,,,,,,,,,,,,,,,,,,,,,,,,,,,,,,,,,,,,,,,,,,,,,,,,,,,,,,,,,,,,,,,,,,,,,,,,,,,,,,,,,,,,
115,2021-01-24,,,,,,,,,,,,,,,,,,,,,,,,,,,,,,,,,,,,,,,,,,,,,,,,,,,,,,,,,,,,,,,,,,,,,,,,,,,,,,,,,,,,,,,,,,,,,,,,,,,,,,,,,,,,
116,2021-01-25,,,,,,,,,-3.38,299.75,91.0,278.25,48.28,458.75,57.35,1.6,17.75,49.55,-3.56,,455.06,-1.0,48.94,50.59,,49.11,52.49,471.18,-0.12,7.61,49.37,-3.56,,464.68,,-17.75,471.18,1.1,-0.13,59.9,-0.07,1.61,8.52,461.5,-70.93,19.5,0.09,6.46,9.55,463.43,,435.56,21.0,,495.56,,-7.14,8.56,-1.6,-0.04,,,,4.86,-7.93,455.06,59.9,49.37,497.31,1.59,,,487.93,1.59,408.25,29.75,376.6,488.93,-1.36,,49.11,435.56,58.95,,413.34,,,49.55,-0.15,9.55,413.34,488.93,404.25,30.75,278.25,1.6,14.61,828.94,0.91,300.75,,46.07,0.35,0.58,387.69,1.05,63.75,8.29
117,2021-01-26,,,,,,,,,-3.32,298.5,91.17,277.25,48.07,459.34,57.42,1.6,18.0,49.46,-3.38,,453.94,-1.0,48.84,50.29,,48.91,52.22,470.51,-0.12,7.95,49.17,-3.38,,465.26,,-17.75,470.51,1.12,-0.13,59.8,-0.07,1.64,8.73,459.75,-73.51,19.25,-0.03,6.8,9.74,463.76,,434.69,21.5,,494.21,,-7.11,8.72,-1.75,-0.04,,,,5.2,-7.86,453.94,59.8,49.17,495.96,1.59,,,487.26,1.59,406.5,28.75,376.16,488.26,-1.22,,48.91,434.69,59.02,,412.47,,,49.46,-0.15,9.74,412.47,488.26,403.25,29.75,277.25,1.6,14.82,843.49,0.84,298.25,,45.87,0.3,0.58,386.99,1.08,64.02,8.49
118,2021-01-27,,,,,,,,,-3.22,297.5,91.42,277.25,48.34,463.25,57.3,1.6,17.75,49.53,-3.43,,454.56,-1.0,48.91,50.54,,49.12,52.34,475.51,-0.12,7.71,49.37,-3.43,,469.01,,-17.75,475.51,0.92,-0.13,60.41,-0.07,1.64,8.57,460.0,-78.26,19.25,,6.56,10.25,467.76,,435.31,22.25,,494.31,,-7.16,9.22,-1.67,-0.04,,,,4.96,-7.98,454.56,60.41,49.37,496.06,1.59,,,492.26,1.59,406.5,29.75,380.12,493.26,-1.27,,49.12,435.31,58.9,,413.09,,,49.53,-0.15,10.25,413.09,493.26,403.25,30.75,277.25,1.6,14.87,853.85,0.76,297.5,,45.86,0.25,0.58,385.7,1.12,63.5,8.38
119,2021-01-28,,,,,,,,,-3.17,294.25,91.75,274.0,47.96,457.0,56.65,1.59,17.25,49.02,-3.45,,449.28,-1.0,48.4,49.91,,48.68,51.85,470.01,-0.11,7.55,48.92,-3.45,,463.01,,-17.75,470.01,0.8,-0.13,59.56,-0.07,1.62,8.64,455.75,-75.26,18.5,-0.05,6.4,10.05,461.51,,430.78,23.5,,490.89,,-7.14,8.86,-1.68,-0.04,,,,4.8,-7.92,449.28,59.56,48.92,492.39,1.58,,,486.76,1.58,404.5,30.5,370.74,487.76,-1.37,,48.68,430.78,58.25,,408.56,,,49.02,-0.15,10.05,408.56,487.76,401.25,31.5,274.0,1.59,14.94,851.65,0.72,294.0,,45.43,0.25,0.58,383.55,1.16,63.61,8.34
120,2021-01-29,,,,,,,,,-3.21,293.5,90.25,273.0,47.8,456.0,56.1,1.59,17.25,48.97,-3.38,,448.65,-1.0,48.36,49.65,,48.54,51.74,469.93,-0.11,7.11,48.77,-3.38,,461.93,,-17.75,469.93,0.94,-0.14,59.7,-0.06,1.65,8.44,454.0,-76.43,18.25,0.13,5.96,10.14,460.68,,430.4,25.5,,487.46,,-7.06,9.11,-1.43,-0.04,,,,4.36,-8.06,448.65,59.7,48.77,488.96,1.57,,,486.68,1.57,404.5,31.25,395.12,487.68,-1.33,,48.54,430.4,57.7,,408.19,,,48.97,-0.16,10.14,408.19,487.68,401.25,32.25,273.0,1.59,14.95,859.58,0.72,293.25,,45.19,0.25,0.58,381.83,1.19,60.81,8.07
121,2021-01-30,,,,,,,,,,,,,,,,,,,,,,,,,,,,,,,,,,,,,,,,,,,,,,,,,,,,,,,,,,,,,,,,,,,,,,,,,,,,,,,,,,,,,,,,,,,,,,,,,,,,,,,,,,,,
122,2021-01-31,,,,,,,,,,,,,,,,,,,,,,,,,,,,,,,,,,,,,,,,,,,,,,,,,,,,,,,,,,,,,,,,,,,,,,,,,,,,,,,,,,,,,,,,,,,,,,,,,,,,,,,,,,,,
123,2021-02-01,,,,,,,,,-3.23,300.75,90.08,279.75,48.71,459.75,57.66,1.63,18.75,50.26,-3.11,,461.63,-1.0,49.65,50.7,,49.54,52.76,472.68,-0.12,7.64,49.8,-3.11,,465.68,,-18.5,472.68,0.91,-0.14,60.28,-0.04,1.63,9.01,464.0,-71.76,19.75,0.15,6.49,9.57,464.43,,441.88,25.61,,498.27,,-6.96,8.67,-1.35,-0.04,,,,4.89,-7.96,461.63,60.28,49.8,499.77,1.6,,,490.18,1.6,413.02,31.0,402.76,491.18,-0.9,,49.54,441.88,59.26,,419.66,,,50.26,-0.16,9.57,419.66,491.18,409.77,32.0,279.75,1.62,15.52,866.42,0.75,300.5,,46.3,0.3,0.58,388.75,1.18,60.15,8.34
124,2021-02-02,,,,,,,,,-3.15,304.0,94.83,283.5,49.36,472.18,58.38,1.64,18.58,50.4,-3.22,,467.21,-1.0,50.25,51.58,,50.32,53.47,485.1,-0.11,7.66,50.62,-3.22,,476.6,,-17.5,485.1,1.05,-0.14,61.88,-0.04,1.6,9.05,470.5,-75.1,20.0,0.15,6.51,10.31,475.85,,447.21,23.25,,503.18,,-7.1,9.56,-1.29,-0.04,,,,4.91,-8.08,467.21,61.88,50.62,504.68,1.62,,,501.6,1.62,418.75,31.0,395.93,502.6,-0.98,,50.32,447.21,59.98,,427.24,,,50.4,-0.16,10.31,427.24,502.6,415.0,32.0,283.5,1.64,15.56,856.5,0.2,303.75,,46.89,0.35,0.58,397.11,1.13,59.72,8.23
125,2021-02-03,,,,,,,,,-3.16,308.0,95.92,286.25,49.74,477.18,59.11,1.66,17.67,50.95,-3.2,,471.83,-1.0,50.8,52.28,,50.84,54.0,490.19,-0.11,7.86,51.19,-3.2,,481.69,,-18.25,490.19,1.23,-0.14,62.54,-0.04,1.59,9.08,476.25,-76.69,19.75,0.12,6.71,10.52,480.44,,452.08,22.75,,509.0,,-7.36,9.7,-1.28,-0.04,,,,5.11,-8.2,471.83,62.54,51.19,510.5,1.64,,,507.44,1.64,421.5,32.0,386.12,508.44,-0.99,,50.84,452.08,60.71,,432.12,,,50.95,-0.16,10.52,432.12,508.44,412.5,33.0,286.25,1.65,15.59,853.19,0.26,308.0,,47.3,0.4,0.58,402.7,1.12,60.66,8.39
126,2021-02-04,,,,,,,,,-3.16,310.5,97.08,288.25,50.01,477.43,59.52,1.67,18.67,51.2,-3.25,,474.25,-0.75,51.04,52.71,,51.13,54.29,491.85,-0.11,7.98,51.5,-3.25,,482.1,,-18.25,491.85,1.41,-0.14,62.58,-0.04,1.6,9.21,479.0,-74.35,20.0,0.19,6.83,10.44,480.85,,454.25,24.25,,511.15,,-7.16,9.46,-1.29,-0.04,,,,5.23,-8.14,474.25,62.58,51.5,512.65,1.65,,,509.35,1.65,425.75,33.5,382.77,510.1,-1.0,,51.13,454.25,61.12,,434.28,,,51.2,-0.16,10.44,434.28,510.1,415.75,34.25,288.25,1.66,15.72,862.89,0.24,310.5,0.01,47.65,0.4,0.59,406.61,1.12,61.16,8.42
127,2021-02-05,,,,,,,,,-3.17,312.25,93.92,290.0,50.27,486.01,59.78,1.68,18.0,51.45,-3.35,,475.97,-0.75,51.29,53.13,,51.47,54.64,499.94,-0.12,7.9,51.86,-3.35,,490.19,,-18.25,499.94,1.49,-0.12,63.55,-0.04,1.59,9.23,482.5,-84.44,19.5,0.2,6.75,11.12,489.19,,456.47,28.75,,513.93,,-7.14,10.08,-1.41,-0.04,,,,5.15,-8.16,475.97,63.55,51.86,515.18,1.65,,,517.44,1.65,428.25,33.5,381.79,518.19,-1.16,,51.47,456.47,61.38,,436.51,,,51.45,-0.16,11.12,436.51,518.19,418.25,34.25,290.0,1.67,15.74,867.3,0.33,312.25,0.01,47.98,0.4,0.59,409.19,1.1,60.95,8.32
128,2021-02-06,,,,,,,,,,,,,,,,,,,,,,,,,,,,,,,,,,,,,,,,,,,,,,,,,,,,,,,,,,,,,,,,,,,,,,,,,,,,,,,,,,,,,,,,,,,,,,,,,,,,,,,,,,,,
129,2021-02-07,,,,,,,,,,,,,,,,,,,,,,,,,,,,,,,,,,,,,,,,,,,,,,,,,,,,,,,,,,,,,,,,,,,,,,,,,,,,,,,,,,,,,,,,,,,,,,,,,,,,,,,,,,,,
130,2021-02-08,,,,,,,,,-3.31,318.0,101.5,296.5,51.09,491.26,60.83,1.7,18.75,52.41,-3.39,,485.83,-0.75,52.26,54.13,,52.34,55.65,504.94,-0.12,7.93,52.75,-3.39,,495.44,,-18.25,504.94,1.62,-0.12,64.2,-0.04,1.63,9.41,491.75,-76.44,20.75,0.12,6.78,10.75,494.44,,465.08,25.0,,523.47,,-7.12,9.69,-1.46,-0.04,,,,5.18,-8.21,485.83,64.2,52.75,524.72,1.68,,,522.44,1.68,437.75,33.25,375.58,523.19,-1.06,,52.34,465.08,62.43,,445.11,,,52.41,-0.16,10.75,445.11,523.19,429.5,34.0,296.5,1.7,15.92,881.19,0.28,317.5,0.01,48.94,0.45,0.57,419.17,1.1,61.89,8.45
131,2021-02-09,,,,,,,,,-3.39,320.0,103.0,298.75,51.33,494.26,61.09,1.71,18.08,52.49,-3.65,,485.24,-0.75,52.33,54.47,,52.59,55.98,508.94,-0.12,7.86,53.0,-3.65,,498.44,,-18.25,508.94,1.21,-0.12,64.26,-0.04,1.62,9.4,493.75,-75.94,19.5,0.05,6.71,10.92,497.19,,465.74,24.0,,525.46,,-7.22,9.44,-1.77,-0.04,,,,5.11,-8.17,485.24,64.26,53.0,526.71,1.69,,,526.44,1.69,440.0,34.5,375.94,527.19,-1.46,,52.59,465.74,62.69,,445.77,,,52.49,-0.16,10.92,445.77,527.19,431.75,35.25,298.75,1.7,15.91,904.78,0.11,319.25,0.01,49.31,0.45,0.58,422.04,1.11,63.22,8.36
132,2021-02-10,,,,,,,,,-3.38,321.0,104.75,301.0,51.59,499.01,61.17,1.72,18.17,52.42,-3.96,,484.68,-1.0,52.27,54.73,,52.85,56.23,513.19,-0.12,7.69,53.26,-3.96,,502.94,,-18.25,513.19,1.54,-0.14,65.01,-0.04,1.57,9.41,497.25,-77.19,19.5,0.12,6.54,11.21,501.94,,465.18,22.5,,525.95,,-7.07,9.97,-1.66,-0.04,,,,4.94,-8.03,484.68,65.01,53.26,527.2,1.7,,,530.44,1.7,442.0,33.75,375.36,531.44,-1.77,,52.85,465.18,62.77,,445.21,,,52.42,-0.16,11.21,445.21,531.44,429.25,34.75,301.0,1.71,15.92,899.04,-0.03,320.75,0.01,49.7,0.45,0.59,426.43,1.06,65.53,8.32
133,2021-02-11,,,,,,,,,-3.33,319.0,103.92,298.75,51.42,499.01,61.06,1.71,18.75,52.13,-3.99,,482.07,-1.0,51.97,54.45,,52.63,55.96,513.94,-0.11,7.85,53.01,-3.99,,503.19,,-18.25,513.94,1.31,-0.14,65.04,-0.04,1.61,9.25,495.0,-78.69,19.5,0.15,6.7,11.58,502.19,,462.57,22.25,,524.2,,-7.0,10.24,-1.66,-0.04,,,,5.1,-8.12,482.07,65.04,53.01,525.45,1.69,,,531.19,1.69,440.5,34.25,370.11,532.19,-1.79,,52.63,462.57,62.66,,442.6,,,52.13,-0.16,11.58,442.6,532.19,427.0,35.25,298.75,1.7,15.76,892.65,-0.06,318.75,0.01,49.34,0.4,0.58,421.58,1.06,66.38,8.38
134,2021-02-12,,,,,,,,,-3.35,324.75,103.42,303.75,51.95,499.26,62.0,1.73,18.0,52.91,-3.85,,489.23,-0.25,52.75,55.11,,53.25,56.6,514.19,-0.11,8.15,53.68,-3.85,,503.19,,-18.25,514.19,1.34,-0.14,65.05,-0.04,1.63,9.56,501.25,-72.94,19.75,0.15,7.0,10.97,502.19,,469.48,22.5,,532.84,,-6.95,9.56,-1.65,-0.04,,,,5.4,-7.96,489.23,65.05,53.68,534.09,1.71,,,532.19,1.71,446.5,35.25,371.58,532.44,-1.63,,53.25,469.48,63.6,,449.51,,,52.91,-0.16,10.97,449.51,532.44,433.0,35.5,303.75,1.72,16.07,895.08,-0.24,324.5,0.01,50.14,0.45,0.56,430.03,1.03,68.11,8.78
135,2021-02-13,,,,,,,,,,,,,,,,,,,,,,,,,,,,,,,,,,,,,,,,,,,,,,,,,,,,,,,,,,,,,,,,,,,,,,,,,,,,,,,,,,,,,,,,,,,,,,,,,,,,,,,,,,,,
136,2021-02-14,,,,,,,,,,,,,,,,,,,,,,,,,,,,,,,,,,,,,,,,,,,,,,,,,,,,,,,,,,,,,,,,,,,,,,,,,,,,,,,,,,,,,,,,,,,,,,,,,,,,,,,,,,,,
137,2021-02-15,,,,,,,,,-3.33,327.25,106.33,306.75,52.52,508.69,62.76,1.75,18.0,53.55,-3.82,,493.94,-0.25,53.39,55.65,,53.88,57.21,522.36,-0.12,8.31,54.32,-3.82,,511.61,,-18.25,522.36,1.2,-0.14,66.23,-0.04,1.63,9.84,506.25,-75.61,18.75,0.16,7.16,11.4,510.61,,475.19,20.5,,538.48,,-6.95,10.16,-1.6,-0.04,,,,5.56,-8.1,493.94,66.23,54.32,539.73,1.73,,,540.36,1.73,450.25,35.0,368.16,540.61,-1.71,,53.88,475.19,64.36,,455.22,,,53.55,-0.16,11.4,455.22,540.61,430.5,35.25,306.75,1.74,16.35,895.08,-0.23,327.25,0.01,50.61,0.45,0.57,435.21,1.03,67.04,8.73
138,2021-02-16,,,,,,,,,-3.37,327.75,106.92,306.75,52.57,507.1,62.82,1.75,18.25,53.57,-3.88,,495.38,-0.25,53.41,55.7,,53.92,57.29,521.36,-0.1,8.38,54.35,-3.88,,510.36,,-18.5,521.36,1.5,-0.13,66.07,-0.04,1.66,9.91,506.75,-74.86,20.0,0.21,7.18,11.22,509.36,,475.38,21.5,,539.93,,-7.27,9.92,-1.59,-0.04,,,,5.53,-8.25,495.38,66.07,54.35,541.18,1.74,,,539.61,1.74,450.75,35.5,369.03,539.86,-1.63,,53.92,475.38,64.47,,455.41,,,53.57,-0.16,11.22,455.41,539.86,432.5,35.75,306.75,1.74,16.42,913.15,-0.33,327.75,0.01,50.53,0.45,0.57,436.01,1.06,68.31,8.82
139,2021-02-17,,,,,,,,,-3.41,330.75,108.58,309.75,52.8,508.94,63.46,1.76,18.25,53.91,-3.88,,498.13,-0.25,53.75,56.16,,54.22,57.63,522.86,-0.12,8.68,54.68,-3.88,,512.11,,-18.5,522.86,1.39,-0.12,66.26,-0.04,1.66,9.91,510.25,-72.36,19.75,0.15,7.38,11.07,510.86,,478.38,21.5,,544.86,,-7.17,9.92,-1.64,-0.04,,,,5.83,-8.11,498.13,66.26,54.68,546.11,1.76,,,541.11,1.76,455.0,35.25,367.89,541.36,-1.66,,54.22,478.38,65.01,,458.41,,,53.91,-0.16,11.07,458.41,541.36,437.75,35.5,309.75,1.75,16.41,910.73,-0.33,331.0,0.01,51.02,0.5,0.64,437.85,1.06,70.23,9.07
140,2021-02-18,,,,,,,,,-3.39,329.25,111.5,308.25,52.66,513.78,63.01,1.76,19.25,53.81,-3.73,,498.3,-0.25,53.66,55.86,,54.0,57.39,527.7,-0.11,8.47,54.44,-3.73,,516.7,,-18.25,527.7,1.44,-0.12,66.82,-0.04,1.65,10.02,509.25,-78.45,20.75,0.17,7.17,11.9,515.45,,477.55,21.75,,543.22,,-7.39,10.73,-1.66,-0.04,,,,5.62,-8.21,498.3,66.82,54.44,544.47,1.76,,,545.7,1.76,453.5,35.5,357.02,545.95,-1.4,,54.0,477.55,64.56,,457.58,,,53.81,-0.16,11.9,457.58,545.95,435.5,35.75,308.25,1.75,16.64,910.95,-0.38,329.5,0.01,50.68,0.45,0.65,435.75,1.06,69.43,9.12
141,2021-02-19,,,,,,,,,-3.45,323.25,113.75,302.75,52.34,509.19,62.37,1.75,19.33,53.24,-3.89,,492.98,-0.25,53.09,55.44,,53.53,56.98,523.61,-0.11,8.24,53.93,-3.89,,512.61,,-18.25,523.61,0.98,-0.14,66.24,-0.04,1.65,9.87,504.5,-79.36,20.5,0.12,6.94,11.79,511.36,,472.48,23.25,,537.22,,-7.92,10.64,-1.7,-0.04,,,,5.39,-8.67,492.98,66.24,53.93,538.47,1.74,,,541.61,1.74,450.0,35.5,363.57,541.86,-1.59,,53.53,472.48,63.92,,452.52,,,53.24,-0.16,11.79,452.52,541.86,432.75,35.75,302.75,1.74,16.48,920.65,-0.44,323.5,0.01,49.81,0.4,0.69,430.98,1.1,68.48,8.8
142,2021-02-20,,,,,,,,,,,,,,,,,,,,,,,,,,,,,,,,,,,,,,,,,,,,,,,,,,,,,,,,,,,,,,,,,,,,,,,,,,,,,,,,,,,,,,,,,,,,,,,,,,,,,,,,,,,,
143,2021-02-21,,,,,,,,,,,,,,,,,,,,,,,,,,,,,,,,,,,,,,,,,,,,,,,,,,,,,,,,,,,,,,,,,,,,,,,,,,,,,,,,,,,,,,,,,,,,,,,,,,,,,,,,,,,,
144,2021-02-22,,,,,,,,,-3.53,334.25,114.08,313.75,53.64,515.69,64.5,1.79,19.5,55.23,-3.5,,510.38,-0.5,55.07,57.05,,55.04,58.57,530.61,-0.14,8.83,55.5,-3.5,,519.11,,-18.25,530.61,1.28,-0.14,67.07,-0.04,1.65,9.97,517.25,-72.61,20.25,0.1,7.53,11.09,517.86,,490.13,23.0,,555.19,,-8.07,9.92,-1.74,-0.04,,,,5.93,-8.52,510.38,67.07,55.5,556.44,1.78,,,548.36,1.78,463.0,35.75,378.73,548.86,-1.22,,55.04,490.13,66.1,,470.17,,,55.23,-0.16,11.09,470.17,548.86,445.75,36.25,313.75,1.78,16.58,929.03,-0.56,334.0,0.01,51.55,0.5,0.71,443.61,1.11,69.31,9.43
145,2021-02-23,,,,,,,,,-3.55,335.5,116.83,314.0,53.87,519.78,64.48,1.79,19.33,55.13,-3.85,,508.26,-0.5,54.97,57.05,,55.27,58.82,534.61,-0.12,8.56,55.73,-3.85,,522.86,,-18.25,534.61,1.23,-0.13,67.7,-0.04,1.65,9.86,518.5,-75.36,19.0,0.25,7.26,11.34,521.61,,489.26,23.0,,554.79,,-8.25,10.28,-1.61,-0.04,,,,5.66,-8.72,508.26,67.7,55.73,556.04,1.79,,0.15,552.36,1.79,464.0,36.0,386.91,552.86,-1.71,,55.27,489.26,66.08,,469.29,,,55.13,-0.16,11.34,469.29,552.86,446.75,36.5,314.0,1.78,16.48,938.07,-0.67,335.5,0.01,51.6,0.5,0.7,445.03,1.15,69.28,9.07
146,2021-02-24,,,,,,,,,-3.45,343.75,117.0,322.5,55.3,529.78,65.73,1.83,19.75,56.51,-3.85,,522.02,-0.25,56.35,58.52,,56.75,60.2,544.61,-0.12,8.48,57.24,-3.85,,532.86,,-18.25,544.61,1.66,-0.14,69.05,-0.04,1.66,10.0,529.0,-74.61,20.5,0.26,7.18,11.23,531.61,,501.52,22.0,,566.86,,-8.27,10.23,-1.61,-0.04,,,,5.53,-8.61,522.02,69.05,57.24,568.11,1.82,,0.15,562.61,1.82,473.75,36.25,400.49,562.86,-1.55,,56.75,501.52,67.38,,481.55,,,56.51,-0.16,11.23,481.55,562.86,459.25,36.5,322.5,1.82,16.61,952.18,-0.79,344.0,0.01,53.09,0.5,0.69,454.77,1.18,69.09,9.14
147,2021-02-25,,,,,,,,,-3.34,341.75,116.08,320.5,55.33,531.78,65.73,1.83,20.25,56.49,-3.8,,522.34,-0.25,56.33,58.53,,56.79,60.13,548.11,-0.13,8.56,57.28,-3.8,,534.86,,-18.25,548.11,1.48,-0.14,69.43,-0.04,1.64,10.02,528.5,-78.61,21.0,0.32,7.26,11.75,533.61,,501.34,23.75,,565.61,,-8.49,10.66,-1.49,-0.04,,,,5.61,-8.9,522.34,69.43,57.28,566.86,1.82,,0.15,566.11,1.82,473.5,37.75,388.32,566.36,-1.44,,56.79,501.34,67.38,,481.37,,,56.49,-0.16,11.75,481.37,566.36,459.25,38.0,320.5,1.82,16.64,951.51,-0.75,341.75,0.01,52.73,0.5,0.68,452.55,1.17,68.78,9.15
148,2021-02-26,,,,,,,,,-3.44,331.5,113.5,309.75,53.76,522.94,64.19,1.78,20.75,55.1,-3.6,,510.76,-0.5,54.95,56.89,,55.11,58.55,538.36,-0.12,8.59,55.56,-3.6,,526.36,,-18.25,538.36,1.83,-0.15,68.26,-0.04,1.64,9.68,515.25,-82.11,21.75,0.31,7.29,12.09,525.11,,489.01,22.75,,551.18,,-8.52,11.24,-1.52,-0.04,,,,5.64,-8.47,510.76,68.26,55.56,552.43,1.79,,0.15,556.11,1.79,460.5,36.25,372.64,556.61,-1.16,,55.11,489.01,65.84,,469.04,,,55.1,-0.16,12.09,469.04,556.61,448.0,36.75,309.75,1.77,16.29,951.96,-0.51,331.75,0.01,51.58,0.5,0.77,442.61,1.19,67.17,9.06
149,2021-02-27,,,,,,,,,,,,,,,,,,,,,,,,,,,,,,,,,,,,,,,,,,,,,,,,,,,,,,,,,,,,,,,,,,,,,,,,,,,,,,,,,,,,,,,,,,,,,,,,,,,,,,,,,,,,
150,2021-02-28,,,,,,,,,,,,,,,,,,,,,,,,,,,,,,,,,,,,,,,,,,,,,,,,,,,,,,,,,,,,,,,,,,,,,,,,,,,,,,,,,,,,,,,,,,,,,,,,,,,,,,,,,,,,
151,2021-03-01,,,,,,,,,-3.49,327.25,111.55,306.0,53.28,520.19,63.46,1.77,21.0,54.64,-3.54,61.95,507.15,-0.5,54.48,56.24,-1.5,54.54,58.02,535.28,-0.13,8.39,54.96,-3.54,122.3,523.78,5.25,-18.25,535.28,1.57,-0.15,67.92,-0.04,1.63,9.5,509.0,-82.22,22.25,0.32,7.09,12.22,522.53,-0.64,484.9,21.42,,545.81,-5.62,-8.5,11.43,-1.51,-0.04,26.75,4.6,10.23,5.44,-9.18,507.15,67.92,54.96,547.06,1.78,51.72,0.15,553.03,1.78,456.47,35.75,368.77,553.53,-1.04,,54.54,484.9,65.11,4.0,464.93,0.31,448.8,54.64,-0.16,12.22,464.93,553.53,444.97,36.25,306.0,1.76,16.12,946.0,-0.53,327.0,0.01,50.34,0.45,0.77,436.12,1.21,66.66,9.03
152,2021-03-02,,,,,,,,,-3.48,323.5,111.67,302.75,53.15,511.85,62.94,1.76,21.25,54.22,-3.69,61.02,503.2,-0.5,54.07,55.86,-1.5,54.27,57.75,528.69,-0.13,8.14,54.64,-3.69,120.5,515.94,5.25,-17.5,528.69,0.95,-0.15,66.76,-0.04,1.66,9.46,505.75,-81.19,22.0,0.22,6.84,11.56,514.69,-0.74,481.2,23.25,0.17,543.51,-5.92,-8.69,10.6,-1.62,-0.04,27.0,4.21,10.13,5.19,-9.52,503.2,66.76,54.64,544.76,1.77,50.89,0.15,545.69,1.77,451.5,36.25,366.34,546.19,-1.21,-0.22,54.27,481.2,64.59,4.0,461.23,0.18,442.5,54.22,-0.16,11.56,461.23,546.19,439.0,36.75,302.75,1.76,16.18,946.88,-0.01,326.0,0.01,49.73,0.4,0.8,431.24,1.27,67.82,9.0
153,2021-03-03,,,,,,,,,-3.38,332.5,110.67,311.75,54.21,515.85,64.07,1.79,19.67,55.39,-3.6,62.65,512.56,-0.5,55.23,57.05,-1.5,55.45,58.83,532.19,-0.13,8.15,55.86,-3.6,119.5,520.19,5.25,-17.75,532.19,1.45,-0.15,67.34,-0.04,1.66,9.64,514.25,-76.69,21.0,0.25,6.89,10.96,518.94,-0.79,491.56,23.18,0.26,554.18,-5.75,-8.39,10.04,-1.61,-0.04,26.0,4.45,10.2,5.24,-9.2,512.56,67.34,55.86,555.43,1.8,52.45,0.15,549.44,1.8,460.18,35.75,366.41,549.94,-1.24,-0.16,55.45,491.56,65.72,4.0,471.59,0.16,451.5,55.39,-0.16,10.96,471.59,549.94,447.43,36.25,311.75,1.79,16.36,953.5,0.03,329.52,0.01,51.13,0.45,0.77,439.41,1.26,67.62,9.14
154,2021-03-04,,,,,,,,,-3.48,343.5,110.58,323.75,55.33,530.44,66.2,1.84,19.0,56.56,-3.93,65.0,522.0,-0.5,56.4,58.49,-1.5,56.86,60.34,546.53,-0.12,8.77,57.36,-3.93,121.0,534.28,,-17.5,546.53,1.89,-0.15,69.27,-0.05,1.67,9.8,527.0,-74.78,,0.22,7.51,11.24,533.28,-0.82,502.0,23.25,0.46,566.96,-5.3,,10.36,-1.57,-0.04,26.25,4.83,10.13,5.86,-8.68,522.0,69.27,57.36,568.21,1.85,54.88,0.15,563.53,1.85,476.25,35.75,356.98,564.03,-1.69,-0.07,,502.0,67.85,3.75,482.03,0.31,467.5,56.56,-0.17,11.24,482.03,564.03,,36.25,323.75,1.83,16.93,968.27,-0.09,340.52,0.01,53.15,0.55,0.71,456.72,1.3,69.97,9.17
155,2021-03-05,,,,,,,,,-3.4,354.0,109.75,334.25,56.91,539.86,68.0,1.88,,58.49,,67.09,538.44,-0.5,58.34,60.29,-1.47,58.6,62.0,555.45,-0.13,8.92,59.14,-3.66,121.75,542.7,,-17.5,555.45,2.17,-0.16,70.44,-0.05,1.71,9.99,541.75,-71.95,,0.24,7.66,10.71,541.7,-0.82,519.19,24.75,0.64,584.57,-5.37,,9.98,-1.54,-0.04,27.5,4.78,10.15,6.01,-8.55,538.44,70.44,59.14,585.82,1.9,56.94,0.15,572.45,1.9,489.0,36.25,352.26,572.95,-1.5,0.04,,519.19,69.65,4.0,499.22,0.28,481.5,58.49,-0.17,10.71,499.22,572.95,,36.75,334.25,1.87,17.13,992.08,-0.3,351.27,0.01,54.94,0.55,0.77,467.63,1.28,70.38,9.62
156,2021-03-06,,,,,,,,,,,,,,,,,,,,,,,,,,,,,,,,,,,,,,,,,,,,,,,,,,,,,,,,,,,,,,,,,,,,,,,,,,,,,,,,,,,,,,,,,,,,,,,,,,,,,,,,,,,,
157,2021-03-07,,,,,,,,,,,,,,,,,,,,,,,,,,,,,,,,,,,,,,,,,,,,,,,,,,,,,,,,,,,,,,,,,,,,,,,,,,,,,,,,,,,,,,,,,,,,,,,,,,,,,,,,,,,,
158,2021-03-08,,,,,,,,,,,,,,,,,,57.79,,,,,,,-1.47,58.1,,,,8.6,,,,544.2,,,,,,,,,,,,,,7.34,,543.2,-0.81,,,,,-5.6,,,,,,,,5.69,-8.71,,70.69,58.62,,,56.04,,,,,,,,,,,,68.85,4.0,,0.21,,,,,,,,,,,,,,,,,,,,,,
