,Date,Stock Indicator Present,DOW JONES UTILITY AVERAGE,S&P 500,DOW JONES COMPOSITE AVERAGE,DOW JONES INDUSTRIAL AVERAGE,DOW JONES TRANSPORTATION AVERAGE
0,2017-04-04,1,699.89,2360.16,7161.79,20689.24,9100.67
1,2017-04-05,1,704.17,2352.95,7159.99,20648.15,9095.98
2,2017-04-06,1,703.03,2357.49,7169.26,20662.95,9134.17
3,2017-04-07,1,699.22,2355.54,7155.14,20656.1,9104.81
4,2017-04-08,0,699.22,2355.54,7155.14,20656.1,9104.81
5,2017-04-09,0,699.22,2355.54,7155.14,20656.1,9104.81
6,2017-04-10,1,700.52,2357.16,7173.79,20658.02,9178.7
7,2017-04-11,1,700.34,2353.78,7162.8,20651.3,9135.58
8,2017-04-12,1,705.35,2344.93,7124.03,20591.86,8971.84
9,2017-04-13,1,703.15,2328.95,7072.31,20453.25,8874.56
10,2017-04-14,0,703.15,2328.95,7072.31,20453.25,8874.56
11,2017-04-15,0,703.15,2328.95,7072.31,20453.25,8874.56
12,2017-04-16,0,703.15,2328.95,7072.31,20453.25,8874.56
13,2017-04-17,1,706.17,2349.01,7138.17,20636.92,8990.42
14,2017-04-18,1,707.8,2342.19,7106.41,20523.28,8933.1
15,2017-04-19,1,703.98,2338.17,7086.42,20404.49,8976.35
16,2017-04-20,1,701.2,2355.84,7148.11,20578.71,9126.13
17,2017-04-21,1,706.01,2348.69,7151.86,20547.76,9133.81
18,2017-04-22,0,706.01,2348.69,7151.86,20547.76,9133.81
19,2017-04-23,0,706.01,2348.69,7151.86,20547.76,9133.81
20,2017-04-24,1,709.03,2374.15,7231.27,20763.89,9282.99
21,2017-04-25,1,708.42,2388.61,7267.92,20996.12,9249.42
22,2017-04-26,1,705.17,2387.45,7240.61,20975.09,9167.74
23,2017-04-27,1,707.58,2388.77,7251.56,20981.33,9193.99
24,2017-04-28,1,704.35,2384.2,7217.27,20940.51,9097.63
25,2017-04-29,0,704.35,2384.2,7217.27,20940.51,9097.63
26,2017-04-30,0,704.35,2384.2,7217.27,20940.51,9097.63
27,2017-05-01,1,699.58,2388.33,7198.05,20913.46,9070.15
28,2017-05-02,1,701.68,2391.17,7226.88,20949.89,9153.97
29,2017-05-03,1,697.54,2388.13,7216.96,20957.9,9133.14
30,2017-05-04,1,698.97,2389.52,7219.2,20951.47,9138.13
31,2017-05-05,1,703.02,2399.29,7248.01,21006.94,9189.97
32,2017-05-06,0,703.02,2399.29,7248.01,21006.94,9189.97
33,2017-05-07,0,703.02,2399.29,7248.01,21006.94,9189.97
34,2017-05-08,1,702.22,2399.38,7226.55,21012.28,9092.81
35,2017-05-09,1,695.93,2396.92,7217.1,20975.78,9130.28
36,2017-05-10,1,696.9,2399.63,7199.78,20943.11,9072.35
37,2017-05-11,1,696.8,2394.44,7187.55,20919.42,9037.99
38,2017-05-12,1,700.29,2390.9,7180.94,20896.61,9001.14
39,2017-05-13,0,700.29,2390.9,7180.94,20896.61,9001.14
40,2017-05-14,0,700.29,2390.9,7180.94,20896.61,9001.14
41,2017-05-15,1,702.48,2402.32,7215.54,20981.94,9067.23
42,2017-05-16,1,697.21,2400.67,7205.32,20979.75,9062.85
43,2017-05-17,1,698.24,2357.03,7074.06,20606.93,8783.74
44,2017-05-18,1,700.7,2365.72,7096.64,20663.02,8818.58
45,2017-05-19,1,703.27,2381.73,7141.62,20804.84,8879.19
46,2017-05-20,0,703.27,2381.73,7141.62,20804.84,8879.19
47,2017-05-21,0,703.27,2381.73,7141.62,20804.84,8879.19
48,2017-05-22,1,709.21,2394.02,7187.6,20894.83,8964.65
49,2017-05-23,1,710.54,2398.42,7207.98,20937.91,9009.67
50,2017-05-24,1,715.12,2404.39,7232.89,21012.42,9022.52
51,2017-05-25,1,720.3,2415.07,7286.01,21082.95,9163.84
52,2017-05-26,1,720.22,2415.82,7288.05,21080.28,9176.2
53,2017-05-27,0,720.22,2415.82,7288.05,21080.28,9176.2
54,2017-05-28,0,720.22,2415.82,7288.05,21080.28,9176.2
55,2017-05-29,0,720.22,2415.82,7288.05,21080.28,9176.2
56,2017-05-30,1,722.73,2412.91,7279.68,21029.47,9163.66
57,2017-05-31,1,726.62,2411.8,7282.22,21008.65,9163.9
58,2017-06-01,1,732.06,2430.06,7342.31,21144.18,9277.44
59,2017-06-02,1,732.63,2439.07,7367.12,21206.29,9331.72
60,2017-06-03,0,732.63,2439.07,7367.12,21206.29,9331.72
61,2017-06-04,0,732.63,2439.07,7367.12,21206.29,9331.72
62,2017-06-05,1,729.26,2436.1,7351.81,21184.04,9307.17
63,2017-06-06,1,728.11,2429.33,7333.48,21136.23,9274.4
64,2017-06-07,1,730.87,2433.14,7358.47,21173.69,9334.58
65,2017-06-08,1,724.77,2433.79,7349.42,21182.53,9332.14
66,2017-06-09,1,724.85,2431.77,7365.95,21271.97,9327.88
67,2017-06-10,0,724.85,2431.77,7365.95,21271.97,9327.88
68,2017-06-11,0,724.85,2431.77,7365.95,21271.97,9327.88
69,2017-06-12,1,722.9,2429.39,7368.92,21235.67,9388.79
70,2017-06-13,1,723.94,2440.35,7403.42,21328.47,9456.65
71,2017-06-14,1,729.4,2437.92,7406.39,21374.56,9387.33
72,2017-06-15,1,734.3,2432.46,7416.49,21359.9,9409.01
73,2017-06-16,1,737.51,2433.15,7427.7,21384.28,9414.07
74,2017-06-17,0,737.51,2433.15,7427.7,21384.28,9414.07
75,2017-06-18,0,737.51,2433.15,7427.7,21384.28,9414.07
76,2017-06-19,1,734.44,2453.46,7464.2,21528.99,9476.63
77,2017-06-20,1,734.68,2437.03,7414.99,21467.14,9303.82
78,2017-06-21,1,729.86,2435.61,7393.41,21410.03,9292.61
79,2017-06-22,1,727.44,2434.5,7392.82,21397.29,9319.84
80,2017-06-23,1,725.27,2438.3,7403.67,21394.76,9388.67
81,2017-06-24,0,725.27,2438.3,7403.67,21394.76,9388.67
82,2017-06-25,0,725.27,2438.3,7403.67,21394.76,9388.67
83,2017-06-26,1,730.57,2439.07,7427.05,21409.55,9442.03
84,2017-06-27,1,720.66,2419.38,7378.58,21310.66,9383.67
85,2017-06-28,1,713.31,2440.69,7423.27,21454.61,9517.44
86,2017-06-29,1,707.39,2419.7,7373.06,21287.03,9481.44
87,2017-06-30,1,706.91,2423.41,7402.3,21349.63,9563.73
88,2017-07-01,0,706.91,2423.41,7402.3,21349.63,9563.73
89,2017-07-02,0,706.91,2423.41,7402.3,21349.63,9563.73
90,2017-07-03,1,703.36,2429.01,7437.98,21479.27,9639.63
91,2017-07-04,0,703.36,2429.01,7437.98,21479.27,9639.63
92,2017-07-05,1,700.94,2432.54,7435.08,21478.17,9645.91
93,2017-07-06,1,700.44,2409.75,7388.43,21320.04,9576.16
94,2017-07-07,1,702.04,2425.18,7435.24,21414.34,9694.94
95,2017-07-08,0,702.04,2425.18,7435.24,21414.34,9694.94
96,2017-07-09,0,702.04,2425.18,7435.24,21414.34,9694.94
97,2017-07-10,1,701.43,2427.43,7428.48,21408.52,9673.8
98,2017-07-11,1,701.24,2425.53,7412.07,21409.07,9599.43
99,2017-07-12,1,705.49,2443.25,7468.48,21532.14,9716.32
100,2017-07-13,1,703.35,2447.83,7466.11,21553.09,9703.23
101,2017-07-14,1,707.35,2459.27,7497.81,21637.74,9742.76
102,2017-07-15,0,707.35,2459.27,7497.81,21637.74,9742.76
103,2017-07-16,0,707.35,2459.27,7497.81,21637.74,9742.76
104,2017-07-17,1,710.11,2459.14,7491.19,21629.72,9698.2
105,2017-07-18,1,711.78,2460.61,7469.15,21574.73,9633.05
106,2017-07-19,1,714.71,2473.83,7474.37,21640.75,9575.73
107,2017-07-20,1,719.81,2473.45,7457.13,21611.78,9483.09
108,2017-07-21,1,725.48,2472.54,7457.91,21580.07,9471.27
109,2017-07-22,0,725.48,2472.54,7457.91,21580.07,9471.27
110,2017-07-23,0,725.48,2472.54,7457.91,21580.07,9471.27
111,2017-07-24,1,719.02,2469.91,7424.75,21513.17,9428.2
112,2017-07-25,1,715.86,2477.13,7452.22,21613.43,9489.48
113,2017-07-26,1,722.59,2477.83,7481.23,21711.01,9484.12
114,2017-07-27,1,723.65,2475.42,7435.44,21796.55,9189.61
115,2017-07-28,1,724.06,2472.1,7450.83,21830.31,9227.07
116,2017-07-29,0,724.06,2472.1,7450.83,21830.31,9227.07
117,2017-07-30,0,724.06,2472.1,7450.83,21830.31,9227.07
118,2017-07-31,1,726.48,2470.3,7457.01,21891.12,9182.78
119,2017-08-01,1,728.85,2476.35,7467.02,21963.92,9145.75
120,2017-08-02,1,731.93,2477.57,7488.68,22016.24,9174.99
121,2017-08-03,1,734.11,2472.16,7500.22,22026.1,9202.4
122,2017-08-04,1,731.87,2476.83,7525.77,22092.81,9277.63
123,2017-08-05,0,731.87,2476.83,7525.77,22092.81,9277.63
124,2017-08-06,0,731.87,2476.83,7525.77,22092.81,9277.63
125,2017-08-07,1,733.59,2480.91,7535.14,22118.42,9284.66
126,2017-08-08,1,735.68,2474.92,7520.96,22085.34,9232.85
127,2017-08-09,1,732.89,2474.02,7509.73,22048.7,9235.41
128,2017-08-10,1,734.65,2438.21,7447.86,21844.01,9119.74
129,2017-08-11,1,730.45,2441.32,7460.86,21858.32,9199.05
130,2017-08-12,0,730.45,2441.32,7460.86,21858.32,9199.05
131,2017-08-13,0,730.45,2441.32,7460.86,21858.32,9199.05
132,2017-08-14,1,734.26,2465.84,7525.8,21993.71,9347.55
133,2017-08-15,1,737.55,2464.61,7537.46,21998.99,9371.07
134,2017-08-16,1,739.62,2468.11,7547.29,22024.87,9377.22
135,2017-08-17,1,734.42,2430.01,7436.53,21750.73,9152.45
136,2017-08-18,1,738.38,2425.55,7415.96,21674.51,9095.31
137,2017-08-19,0,738.38,2425.55,7415.96,21674.51,9095.31
138,2017-08-20,0,738.38,2425.55,7415.96,21674.51,9095.31
139,2017-08-21,1,741.41,2428.37,7432.5,21703.75,9121.93
140,2017-08-22,1,743.18,2452.51,7490.65,21899.89,9200.94
141,2017-08-23,1,744.0,2444.04,7450.06,21812.09,9086.3
142,2017-08-24,1,743.25,2438.97,7429.05,21783.4,9021.12
143,2017-08-25,1,746.48,2443.05,7464.85,21813.67,9133.75
144,2017-08-26,0,746.48,2443.05,7464.85,21813.67,9133.75
145,2017-08-27,0,746.48,2443.05,7464.85,21813.67,9133.75
146,2017-08-28,1,748.16,2444.24,7471.69,21808.4,9156.96
147,2017-08-29,1,746.47,2446.3,7497.37,21865.37,9237.18
148,2017-08-30,1,743.16,2457.59,7512.88,21892.43,9309.79
149,2017-08-31,1,743.24,2471.65,7525.81,21948.1,9319.05
150,2017-09-01,1,740.95,2476.55,7537.65,21987.56,9356.02
151,2017-09-02,0,740.95,2476.55,7537.65,21987.56,9356.02
152,2017-09-03,0,740.95,2476.55,7537.65,21987.56,9356.02
153,2017-09-04,0,740.95,2476.55,7537.65,21987.56,9356.02
154,2017-09-05,1,742.81,2457.85,7476.16,21753.31,9267.39
155,2017-09-06,1,738.5,2465.54,7488.76,21807.64,9310.15
156,2017-09-07,1,743.91,2465.1,7501.28,21784.78,9346.03
157,2017-09-08,1,746.94,2461.43,7517.12,21797.79,9383.74
158,2017-09-09,0,746.94,2461.43,7517.12,21797.79,9383.74
159,2017-09-10,0,746.94,2461.43,7517.12,21797.79,9383.74
160,2017-09-11,1,754.8,2488.11,7602.33,22057.37,9483.69
161,2017-09-12,1,742.12,2496.48,7606.18,22118.86,9544.55
162,2017-09-13,1,738.71,2498.37,7605.09,22158.18,9531.05
163,2017-09-14,1,745.03,2495.62,7619.82,22203.48,9509.77
164,2017-09-15,1,746.25,2500.23,7642.37,22268.34,9546.25
165,2017-09-16,0,746.25,2500.23,7642.37,22268.34,9546.25
166,2017-09-17,0,746.25,2500.23,7642.37,22268.34,9546.25
167,2017-09-18,1,738.71,2503.87,7634.98,22331.35,9514.64
168,2017-09-19,1,736.69,2506.65,7637.54,22370.8,9507.08
169,2017-09-20,1,731.61,2508.24,7669.26,22412.59,9654.37
170,2017-09-21,1,730.78,2500.6,7660.75,22359.23,9668.99
171,2017-09-22,1,726.63,2502.22,7659.64,22349.59,9704.38
172,2017-09-23,0,726.63,2502.22,7659.64,22349.59,9704.38
173,2017-09-24,0,726.63,2502.22,7659.64,22349.59,9704.38
174,2017-09-25,1,732.4,2496.66,7661.33,22296.09,9715.1
175,2017-09-26,1,731.67,2496.84,7671.98,22284.32,9779.85
176,2017-09-27,1,722.22,2507.04,7680.56,22340.71,9841.99
177,2017-09-28,1,723.79,2510.06,7700.81,22381.2,9886.82
178,2017-09-29,1,723.6,2519.36,7711.12,22405.09,9914.35
179,2017-09-30,0,723.6,2519.36,7711.12,22405.09,9914.35
180,2017-10-01,0,723.6,2519.36,7711.12,22405.09,9914.35
181,2017-10-02,1,725.47,2529.12,7742.32,22557.6,9907.83
182,2017-10-03,1,723.59,2534.58,7769.81,22641.67,9973.8
183,2017-10-04,1,731.65,2537.74,7775.87,22661.64,9921.84
184,2017-10-05,1,731.62,2552.07,7795.08,22775.39,9909.42
185,2017-10-06,1,731.15,2549.33,7789.04,22773.67,9886.88
186,2017-10-07,0,731.15,2549.33,7789.04,22773.67,9886.88
187,2017-10-08,0,731.15,2549.33,7789.04,22773.67,9886.88
188,2017-10-09,1,731.79,2544.73,7782.87,22761.07,9864.89
189,2017-10-10,1,739.43,2550.64,7823.06,22830.68,9928.48
190,2017-10-11,1,742.46,2555.24,7846.84,22872.89,9976.66
191,2017-10-12,1,744.88,2550.93,7858.16,22841.01,10038.13
192,2017-10-13,1,737.25,2553.17,7829.01,22871.72,9936.22
193,2017-10-14,0,737.25,2553.17,7829.01,22871.72,9936.22
194,2017-10-15,0,737.25,2553.17,7829.01,22871.72,9936.22
195,2017-10-16,1,734.91,2557.64,7824.29,22956.96,9857.15
196,2017-10-17,1,740.57,2559.36,7834.41,22997.44,9824.14
197,2017-10-18,1,739.62,2561.26,7880.25,23157.6,9899.67
198,2017-10-19,1,747.86,2562.1,7892.29,23163.04,9886.51
199,2017-10-20,1,749.21,2575.21,7945.24,23328.63,9972.1
200,2017-10-21,0,749.21,2575.21,7945.24,23328.63,9972.1
201,2017-10-22,0,749.21,2575.21,7945.24,23328.63,9972.1
202,2017-10-23,1,749.55,2564.98,7928.1,23273.96,9939.39
203,2017-10-24,1,749.37,2569.13,7962.87,23441.76,9951.51
204,2017-10-25,1,746.34,2557.15,7900.82,23329.46,9790.09
205,2017-10-26,1,746.61,2560.4,7935.04,23400.86,9881.46
206,2017-10-27,1,751.62,2581.07,7960.86,23434.19,9931.65
207,2017-10-28,0,751.62,2581.07,7960.86,23434.19,9931.65
208,2017-10-29,0,751.62,2581.07,7960.86,23434.19,9931.65
209,2017-10-30,1,752.45,2572.83,7917.57,23348.74,9802.7
210,2017-10-31,1,753.2,2575.26,7914.68,23377.24,9758.47
211,2017-11-01,1,748.95,2579.36,7924.23,23435.01,9783.81
212,2017-11-02,1,750.97,2579.85,7942.13,23516.26,9778.33
213,2017-11-03,1,753.43,2587.84,7945.6,23539.19,9755.0
214,2017-11-04,0,753.43,2587.84,7945.6,23539.19,9755.0
215,2017-11-05,0,753.43,2587.84,7945.6,23539.19,9755.0
216,2017-11-06,1,749.25,2591.13,7935.29,23548.42,9731.79
217,2017-11-07,1,758.92,2590.64,7940.15,23557.23,9671.79
218,2017-11-08,1,759.59,2594.38,7933.5,23563.36,9630.77
219,2017-11-09,1,759.47,2584.62,7888.95,23461.94,9517.5
220,2017-11-10,1,756.95,2582.3,7873.52,23422.21,9501.36
221,2017-11-11,0,756.95,2582.3,7873.52,23422.21,9501.36
222,2017-11-12,0,756.95,2582.3,7873.52,23422.21,9501.36
223,2017-11-13,1,765.39,2584.84,7894.91,23439.7,9518.84
224,2017-11-14,1,774.47,2578.87,7897.85,23409.47,9489.18
225,2017-11-15,1,767.22,2564.62,7848.4,23271.28,9440.87
226,2017-11-16,1,764.19,2585.64,7912.71,23458.36,9593.09
227,2017-11-17,1,758.08,2578.85,7859.07,23358.24,9483.09
228,2017-11-18,0,758.08,2578.85,7859.07,23358.24,9483.09
229,2017-11-19,0,758.08,2578.85,7859.07,23358.24,9483.09
230,2017-11-20,1,755.96,2582.14,7877.92,23430.33,9521.95
231,2017-11-21,1,757.97,2599.03,7932.57,23590.83,9614.72
232,2017-11-22,1,757.73,2597.08,7922.28,23526.18,9626.66
233,2017-11-23,0,757.73,2597.08,7922.28,23526.18,9626.66
234,2017-11-24,1,759.07,2602.42,7929.28,23557.99,9620.2
235,2017-11-25,0,759.07,2602.42,7929.28,23557.99,9620.2
236,2017-11-26,0,759.07,2602.42,7929.28,23557.99,9620.2
237,2017-11-27,1,762.54,2601.42,7934.05,23580.78,9595.23
238,2017-11-28,1,766.06,2627.04,8024.11,23836.71,9754.03
239,2017-11-29,1,767.55,2626.07,8117.11,23940.68,10076.38
240,2017-11-30,1,770.39,2647.58,8229.31,24272.35,10274.77
241,2017-12-01,1,767.16,2642.22,8196.75,24231.59,10186.63
242,2017-12-02,1,685.76,2821.98,8354.04,25029.2,10769.84
243,2017-12-03,1,686.31,2783.02,8339.07,25007.03,10758.38
244,2017-12-04,1,762.72,2639.44,8240.32,24290.05,10368.58
245,2017-12-05,1,750.62,2629.57,8168.36,24180.64,10229.03
246,2017-12-06,1,753.13,2629.27,8164.65,24140.91,10227.81
247,2017-12-07,1,755.18,2636.98,8210.89,24211.48,10361.39
248,2017-12-08,1,757.69,2651.5,8246.83,24329.16,10402.51
249,2017-12-09,1,741.96,2915.56,8909.81,26743.5,11554.08
250,2017-12-10,0,741.96,2915.56,8909.81,26743.5,11554.08
251,2017-12-11,1,762.59,2659.99,8259.15,24386.03,10370.83
252,2017-12-12,1,748.31,2664.11,8257.46,24504.8,10367.91
253,2017-12-13,1,750.5,2662.85,8283.5,24585.43,10398.98
254,2017-12-14,1,750.57,2652.01,8253.27,24508.66,10327.95
255,2017-12-15,1,753.38,2675.81,8299.85,24651.74,10393.01
256,2017-12-16,0,753.38,2675.81,8299.85,24651.74,10393.01
257,2017-12-17,0,753.38,2675.81,8299.85,24651.74,10393.01
258,2017-12-18,1,745.84,2690.16,8342.54,24792.2,10522.26
259,2017-12-19,1,733.84,2681.47,8318.12,24754.75,10535.91
260,2017-12-20,1,728.98,2679.25,8324.8,24726.65,10628.74
261,2017-12-21,1,719.23,2684.57,8319.37,24782.29,10629.71
262,2017-12-22,1,721.05,2683.34,8326.86,24754.06,10674.97
263,2017-12-23,0,721.05,2683.34,8326.86,24754.06,10674.97
264,2017-12-24,0,721.05,2683.34,8326.86,24754.06,10674.97
265,2017-12-25,0,721.05,2683.34,8326.86,24754.06,10674.97
266,2017-12-26,1,717.03,2680.5,8318.08,24746.21,10672.66
267,2017-12-27,1,720.41,2682.62,8334.56,24774.3,10697.21
268,2017-12-28,1,723.89,2687.54,8344.51,24837.51,10660.11
269,2017-12-29,1,723.37,2673.61,8310.35,24719.22,10612.29
270,2017-12-30,0,723.37,2673.61,8310.35,24719.22,10612.29
271,2017-12-31,0,723.37,2673.61,8310.35,24719.22,10612.29
272,2018-01-01,0,723.37,2673.61,8310.35,24719.22,10612.29
273,2018-01-02,1,715.72,2695.81,8360.91,24824.01,10809.96
274,2018-01-03,1,706.52,2713.06,8366.87,24922.68,10820.74
275,2018-01-04,1,700.52,2723.99,8393.62,25075.13,10854.55
276,2018-01-05,1,700.74,2743.15,8449.13,25295.87,10911.74
277,2018-01-06,0,700.74,2743.15,8449.13,25295.87,10911.74
278,2018-01-07,0,700.74,2743.15,8449.13,25295.87,10911.74
279,2018-01-08,1,707.87,2747.71,8477.39,25283.0,10997.63
280,2018-01-09,1,700.98,2751.29,8490.23,25385.8,11018.46
281,2018-01-10,1,693.14,2748.23,8476.36,25369.13,11030.1
282,2018-01-11,1,690.57,2767.56,8567.27,25574.73,11284.32
283,2018-01-12,1,683.91,2786.24,8619.67,25803.19,11373.38
284,2018-01-13,0,683.91,2786.24,8619.67,25803.19,11373.38
285,2018-01-14,0,683.91,2786.24,8619.67,25803.19,11373.38
286,2018-01-15,0,683.91,2786.24,8619.67,25803.19,11373.38
287,2018-01-16,1,683.19,2776.42,8584.58,25792.86,11227.31
288,2018-01-17,1,687.67,2802.56,8661.3,26115.65,11258.47
289,2018-01-18,1,683.9,2798.03,8637.01,26017.81,11262.86
290,2018-01-19,1,682.77,2810.3,8654.82,26071.72,11305.41
291,2018-01-20,0,682.77,2810.3,8654.82,26071.72,11305.41
292,2018-01-21,0,682.77,2810.3,8654.82,26071.72,11305.41
293,2018-01-22,1,684.86,2832.97,8697.34,26214.6,11357.59
294,2018-01-23,1,691.81,2839.13,8705.44,26210.81,11344.55
295,2018-01-24,1,687.0,2837.54,8670.39,26252.12,11184.4
296,2018-01-25,1,696.52,2839.25,8675.0,26392.79,11007.66
297,2018-01-26,1,699.1,2872.87,8748.39,26616.71,11125.75
298,2018-01-27,0,699.1,2872.87,8748.39,26616.71,11125.75
299,2018-01-28,0,699.1,2872.87,8748.39,26616.71,11125.75
300,2018-01-29,1,691.11,2853.53,8698.19,26439.48,11114.23
301,2018-01-30,1,691.71,2822.43,8596.63,26076.89,10965.41
302,2018-01-31,1,699.25,2823.81,8624.77,26149.39,10972.06
303,2018-02-01,1,689.24,2821.98,8603.81,26186.71,10920.06
304,2018-02-02,1,684.48,2762.13,8416.29,25520.96,10687.18
305,2018-02-03,0,684.48,2762.13,8416.29,25520.96,10687.18
306,2018-02-04,0,684.48,2762.13,8416.29,25520.96,10687.18
307,2018-02-05,1,672.89,2648.94,8096.16,24345.75,10350.41
308,2018-02-06,1,662.32,2695.14,8226.93,24912.77,10528.85
309,2018-02-07,1,657.76,2681.66,8222.43,24893.35,10560.59
310,2018-02-08,1,647.9,2581.0,7918.7,23860.46,10159.6
311,2018-02-09,1,661.03,2619.55,7999.61,24190.9,10136.61
312,2018-02-10,0,661.03,2619.55,7999.61,24190.9,10136.61
313,2018-02-11,0,661.03,2619.55,7999.61,24190.9,10136.61
314,2018-02-12,1,666.98,2656.0,8124.88,24601.27,10301.28
315,2018-02-13,1,670.08,2662.94,8155.01,24640.45,10380.71
316,2018-02-14,1,662.25,2698.63,8212.88,24893.49,10482.16
317,2018-02-15,1,675.72,2731.2,8311.04,25200.37,10556.35
318,2018-02-16,1,681.12,2732.22,8312.01,25219.38,10502.33
319,2018-02-17,0,681.12,2732.22,8312.01,25219.38,10502.33
320,2018-02-18,0,681.12,2732.22,8312.01,25219.38,10502.33
321,2018-02-19,0,681.12,2732.22,8312.01,25219.38,10502.33
322,2018-02-20,1,673.21,2716.26,8214.19,24964.75,10340.6
323,2018-02-21,1,664.82,2701.33,8174.68,24797.78,10372.06
324,2018-02-22,1,668.2,2703.96,8224.59,24962.48,10428.87
325,2018-02-23,1,685.76,2747.3,8354.04,25309.99,10578.9
326,2018-02-24,0,685.76,2747.3,8354.04,25309.99,10578.9
327,2018-02-25,0,685.76,2747.3,8354.04,25309.99,10578.9
328,2018-02-26,1,683.73,2779.6,8469.47,25709.27,10769.84
329,2018-02-27,1,672.02,2744.28,8338.24,25410.03,10523.79
330,2018-02-28,1,668.81,2713.83,8228.28,25029.2,10381.99
331,2018-03-01,1,668.75,2677.67,8135.78,24608.98,10330.72
332,2018-03-02,1,665.85,2691.25,8117.68,24538.06,10332.98
333,2018-03-03,0,665.85,2691.25,8117.68,24538.06,10332.98
334,2018-03-04,0,665.85,2691.25,8117.68,24538.06,10332.98
335,2018-03-05,1,677.91,2720.94,8206.39,24874.76,10348.34
336,2018-03-06,1,669.68,2728.12,8213.39,24884.12,10435.52
337,2018-03-07,1,664.8,2726.8,8183.38,24801.36,10408.88
338,2018-03-08,1,669.88,2738.97,8222.44,24895.21,10465.63
339,2018-03-09,1,672.28,2786.57,8371.5,25335.74,10739.91
340,2018-03-10,0,672.28,2786.57,8371.5,25335.74,10739.91
341,2018-03-11,0,672.28,2786.57,8371.5,25335.74,10739.91
342,2018-03-12,1,675.34,2783.02,8339.07,25178.61,10706.93
343,2018-03-13,1,677.62,2765.31,8320.97,25007.03,10758.38
344,2018-03-14,1,684.72,2749.48,8244.43,24758.12,10573.48
345,2018-03-15,1,684.23,2747.33,8269.99,24873.66,10592.01
346,2018-03-16,1,691.82,2752.01,8316.88,24946.51,10683.82
347,2018-03-17,0,691.82,2752.01,8316.88,24946.51,10683.82
348,2018-03-18,0,691.82,2752.01,8316.88,24946.51,10683.82
349,2018-03-19,1,686.31,2712.92,8234.61,24610.91,10646.57
350,2018-03-20,1,682.94,2716.94,8261.85,24727.27,10694.31
351,2018-03-21,1,679.56,2711.93,8239.51,24682.31,10657.73
352,2018-03-22,1,683.15,2643.69,8039.11,23957.89,10353.46
353,2018-03-23,1,673.68,2588.26,7899.6,23533.2,10163.32
354,2018-03-24,0,673.68,2588.26,7899.6,23533.2,10163.32
355,2018-03-25,0,673.68,2588.26,7899.6,23533.2,10163.32
356,2018-03-26,1,680.17,2658.55,8085.71,24202.6,10373.21
357,2018-03-27,1,689.73,2612.62,7993.26,23857.71,10181.42
358,2018-03-28,1,688.63,2605.0,7991.09,23848.42,10188.19
359,2018-03-29,1,692.63,2640.87,8092.53,24103.11,10396.56
360,2018-03-30,0,692.63,2640.87,8092.53,24103.11,10396.56
361,2018-03-31,0,692.63,2640.87,8092.53,24103.11,10396.56
362,2018-04-01,0,692.63,2640.87,8092.53,24103.11,10396.56
363,2018-04-02,1,686.98,2581.88,7949.36,23644.19,10190.57
364,2018-04-03,1,689.01,2614.45,8072.44,24033.36,10394.25
365,2018-04-04,1,690.65,2644.69,8118.49,24264.3,10388.03
366,2018-04-05,1,696.43,2662.84,8189.09,24505.22,10453.66
367,2018-04-06,1,691.59,2604.47,8003.24,23932.76,10146.37
368,2018-04-07,0,691.59,2604.47,8003.24,23932.76,10146.37
369,2018-04-08,0,691.59,2604.47,8003.24,23932.76,10146.37
370,2018-04-09,1,692.29,2613.16,8007.48,23979.1,10119.36
371,2018-04-10,1,687.79,2656.87,8106.61,24408.0,10228.42
372,2018-04-11,1,686.68,2642.19,8054.73,24189.45,10192.82
373,2018-04-12,1,678.16,2663.99,8133.74,24483.05,10360.41
374,2018-04-13,1,682.78,2656.3,8119.73,24360.14,10369.49
375,2018-04-14,0,682.78,2656.3,8119.73,24360.14,10369.49
376,2018-04-15,0,682.78,2656.3,8119.73,24360.14,10369.49
377,2018-04-16,1,692.36,2677.84,8229.53,24573.04,10610.18
378,2018-04-17,1,700.24,2706.39,8280.21,24786.63,10592.56
379,2018-04-18,1,697.82,2708.64,8307.45,24748.07,10770.15
380,2018-04-19,1,697.1,2693.13,8268.69,24664.89,10671.81
381,2018-04-20,1,691.14,2670.14,8199.37,24462.94,10578.9
382,2018-04-21,0,691.14,2670.14,8199.37,24462.94,10578.9
383,2018-04-22,0,691.14,2670.14,8199.37,24462.94,10578.9
384,2018-04-23,1,691.34,2670.29,8206.17,24448.69,10621.15
385,2018-04-24,1,695.41,2634.56,8082.7,24024.13,10400.1
386,2018-04-25,1,694.93,2639.4,8117.01,24083.83,10508.13
387,2018-04-26,1,702.3,2666.94,8154.93,24322.34,10413.88
388,2018-04-27,1,708.68,2669.91,8193.09,24311.19,10549.4
389,2018-04-28,0,708.68,2669.91,8193.09,24311.19,10549.4
390,2018-04-29,0,708.68,2669.91,8193.09,24311.19,10549.4
391,2018-04-30,1,707.01,2648.05,8134.21,24163.15,10423.57
392,2018-05-01,1,705.23,2654.8,8111.14,24099.05,10388.39
393,2018-05-02,1,703.59,2635.67,8052.36,23924.98,10285.91
394,2018-05-03,1,700.94,2629.73,8042.09,23930.15,10254.64
395,2018-05-04,1,704.38,2663.42,8137.33,24262.51,10370.23
396,2018-05-05,0,704.38,2663.42,8137.33,24262.51,10370.23
397,2018-05-06,0,704.38,2663.42,8137.33,24262.51,10370.23
398,2018-05-07,1,700.34,2672.63,8147.02,24357.32,10361.75
399,2018-05-08,1,683.77,2671.92,8137.95,24360.21,10445.21
400,2018-05-09,1,678.62,2697.79,8178.2,24542.54,10507.88
401,2018-05-10,1,687.88,2723.07,8253.22,24739.53,10605.79
402,2018-05-11,1,689.49,2727.72,8297.16,24831.17,10713.57
403,2018-05-12,0,689.49,2727.72,8297.16,24831.17,10713.57
404,2018-05-13,0,689.49,2727.72,8297.16,24831.17,10713.57
405,2018-05-14,1,686.59,2730.13,8294.47,24899.41,10663.16
406,2018-05-15,1,680.17,2711.45,8236.0,24706.41,10615.67
407,2018-05-16,1,674.05,2722.46,8256.76,24768.93,10702.54
408,2018-05-17,1,668.56,2720.13,8245.74,24713.98,10742.96
409,2018-05-18,1,667.79,2712.97,8241.92,24715.09,10730.46
410,2018-05-19,0,667.79,2712.97,8241.92,24715.09,10730.46
411,2018-05-20,0,667.79,2712.97,8241.92,24715.09,10730.46
412,2018-05-21,1,672.86,2733.01,8337.96,25013.29,10867.32
413,2018-05-22,1,674.72,2724.44,8279.07,24834.41,10741.62
414,2018-05-23,1,680.68,2733.29,8296.11,24886.81,10727.35
415,2018-05-24,1,685.62,2727.76,8317.28,24811.76,10852.75
416,2018-05-25,1,689.67,2721.33,8323.08,24753.09,10900.06
417,2018-05-26,0,689.67,2721.33,8323.08,24753.09,10900.06
418,2018-05-27,0,689.67,2721.33,8323.08,24753.09,10900.06
419,2018-05-28,0,689.67,2721.33,8323.08,24753.09,10900.06
420,2018-05-29,1,690.07,2689.86,8216.47,24361.45,10755.33
421,2018-05-30,1,694.67,2724.01,8319.06,24667.78,10918.72
422,2018-05-31,1,695.21,2705.27,8234.53,24415.84,10750.33
423,2018-06-01,1,684.74,2734.62,8290.68,24635.21,10893.97
424,2018-06-02,0,684.74,2734.62,8290.68,24635.21,10893.97
425,2018-06-03,0,684.74,2734.62,8290.68,24635.21,10893.97
426,2018-06-04,1,679.45,2746.87,8298.82,24813.69,10814.04
427,2018-06-05,1,674.46,2748.8,8278.17,24799.98,10769.97
428,2018-06-06,1,660.54,2772.35,8336.79,25146.39,10838.98
429,2018-06-07,1,664.09,2770.37,8361.96,25241.41,10842.82
430,2018-06-08,1,663.96,2779.03,8397.13,25316.53,10938.47
431,2018-06-09,0,663.96,2779.03,8397.13,25316.53,10938.47
432,2018-06-10,0,663.96,2779.03,8397.13,25316.53,10938.47
433,2018-06-11,1,656.93,2782.0,8411.81,25322.31,11054.73
434,2018-06-12,1,665.65,2786.85,8433.63,25320.73,11088.93
435,2018-06-13,1,664.6,2775.63,8390.05,25201.2,11003.15
436,2018-06-14,1,673.3,2782.49,8401.05,25175.31,11009.49
437,2018-06-15,1,678.31,2779.66,8407.16,25090.48,11073.99
438,2018-06-16,0,678.31,2779.66,8407.16,25090.48,11073.99
439,2018-06-17,0,678.31,2779.66,8407.16,25090.48,11073.99
440,2018-06-18,1,680.56,2773.75,8385.76,24987.47,11049.85
441,2018-06-19,1,687.96,2762.59,8301.96,24700.21,10863.3
442,2018-06-20,1,688.38,2767.32,8296.57,24657.8,10872.93
443,2018-06-21,1,690.62,2749.76,8252.38,24461.7,10826.84
444,2018-06-22,1,696.6,2754.88,8273.77,24580.89,10773.2
445,2018-06-23,0,696.6,2754.88,8273.77,24580.89,10773.2
446,2018-06-24,0,696.6,2754.88,8273.77,24580.89,10773.2
447,2018-06-25,1,707.87,2717.07,8174.29,24252.8,10521.23
448,2018-06-26,1,707.94,2723.06,8170.29,24283.11,10474.96
449,2018-06-27,1,712.51,2699.63,8114.68,24117.59,10331.58
450,2018-06-28,1,712.1,2716.31,8127.96,24216.05,10307.56
451,2018-06-29,1,711.64,2718.37,8146.05,24271.41,10344.99
452,2018-06-30,0,711.64,2718.37,8146.05,24271.41,10344.99
453,2018-07-01,0,711.64,2718.37,8146.05,24271.41,10344.99
454,2018-07-02,1,717.64,2726.71,8185.36,24307.18,10448.2
455,2018-07-03,1,719.44,2713.22,8145.07,24174.82,10367.18
456,2018-07-04,0,719.44,2713.22,8145.07,24174.82,10367.18
457,2018-07-05,1,723.53,2736.61,8200.14,24356.74,10426.62
458,2018-07-06,1,729.37,2759.82,8239.5,24456.48,10473.93
459,2018-07-07,0,729.37,2759.82,8239.5,24456.48,10473.93
460,2018-07-08,0,729.37,2759.82,8239.5,24456.48,10473.93
461,2018-07-09,1,706.93,2784.17,8310.64,24776.59,10687.66
462,2018-07-10,1,713.75,2793.84,8342.81,24919.66,10655.23
463,2018-07-11,1,720.56,2774.02,8265.48,24700.45,10442.47
464,2018-07-12,1,720.88,2798.29,8319.66,24924.89,10488.62
465,2018-07-13,1,721.87,2801.31,8352.21,25019.41,10546.41
466,2018-07-14,0,721.87,2801.31,8352.21,25019.41,10546.41
467,2018-07-15,0,721.87,2801.31,8352.21,25019.41,10546.41
468,2018-07-16,1,721.05,2798.43,8335.6,25064.36,10435.52
469,2018-07-17,1,720.82,2809.55,8352.0,25119.89,10463.13
470,2018-07-18,1,717.6,2815.62,8413.79,25199.29,10702.23
471,2018-07-19,1,723.96,2804.49,8408.0,25064.5,10747.65
472,2018-07-20,1,718.2,2801.83,8395.83,25058.12,10741.5
473,2018-07-21,0,718.2,2801.83,8395.83,25058.12,10741.5
474,2018-07-22,0,718.2,2801.83,8395.83,25058.12,10741.5
475,2018-07-23,1,713.8,2806.98,8401.41,25044.29,10813.55
476,2018-07-24,1,716.61,2820.4,8408.85,25241.94,10648.59
477,2018-07-25,1,717.07,2846.07,8496.04,25414.1,10893.29
478,2018-07-26,1,725.38,2837.44,8551.69,25527.07,10984.86
479,2018-07-27,1,721.6,2818.82,8524.61,25451.06,10957.18
480,2018-07-28,0,721.6,2818.82,8524.61,25451.06,10957.18
481,2018-07-29,0,721.6,2818.82,8524.61,25451.06,10957.18
482,2018-07-30,1,717.02,2802.6,8483.8,25306.83,10933.53
483,2018-07-31,1,724.24,2816.29,8547.97,25415.19,11077.1
484,2018-08-01,1,717.8,2813.36,8501.06,25333.82,10983.03
485,2018-08-02,1,721.94,2827.22,8522.09,25326.16,11055.21
486,2018-08-03,1,728.81,2840.35,8569.12,25462.58,11096.97
487,2018-08-04,0,728.81,2840.35,8569.12,25462.58,11096.97
488,2018-08-05,0,728.81,2840.35,8569.12,25462.58,11096.97
489,2018-08-06,1,730.17,2850.4,8593.02,25502.18,11161.35
490,2018-08-07,1,727.85,2858.45,8625.97,25628.91,11217.56
491,2018-08-08,1,724.89,2857.7,8603.02,25583.75,11174.92
492,2018-08-09,1,727.45,2853.58,8585.47,25509.23,11141.11
493,2018-08-10,1,723.51,2833.28,8529.83,25313.14,11090.63
494,2018-08-11,0,723.51,2833.28,8529.83,25313.14,11090.63
495,2018-08-12,0,723.51,2833.28,8529.83,25313.14,11090.63
496,2018-08-13,1,724.47,2821.93,8491.92,25187.7,11020.83
497,2018-08-14,1,725.68,2839.96,8536.02,25299.92,11114.35
498,2018-08-15,1,732.32,2818.37,8520.47,25162.41,11115.02
499,2018-08-16,1,741.02,2840.69,8628.38,25558.73,11190.43
500,2018-08-17,1,743.96,2850.13,8662.89,25669.32,11227.8
501,2018-08-18,0,743.96,2850.13,8662.89,25669.32,11227.8
502,2018-08-19,0,743.96,2850.13,8662.89,25669.32,11227.8
503,2018-08-20,1,740.03,2857.05,8702.74,25758.69,11361.86
504,2018-08-21,1,734.72,2862.96,8722.38,25822.29,11436.36
505,2018-08-22,1,729.14,2861.82,8671.12,25733.6,11322.24
506,2018-08-23,1,728.77,2856.98,8642.22,25656.98,11260.36
507,2018-08-24,1,731.08,2874.69,8677.35,25790.35,11284.99
508,2018-08-25,0,731.08,2874.69,8677.35,25790.35,11284.99
509,2018-08-26,0,731.08,2874.69,8677.35,25790.35,11284.99
510,2018-08-27,1,727.21,2896.74,8748.99,26049.64,11412.77
511,2018-08-28,1,725.71,2897.52,8744.47,26064.02,11390.58
512,2018-08-29,1,729.97,2914.04,8764.51,26124.57,11395.94
513,2018-08-30,1,729.79,2901.13,8718.8,25986.92,11309.8
514,2018-08-31,1,726.41,2901.52,8707.55,25964.82,11303.76
515,2018-09-01,0,726.41,2901.52,8707.55,25964.82,11303.76
516,2018-09-02,0,726.41,2901.52,8707.55,25964.82,11303.76
517,2018-09-03,0,726.41,2901.52,8707.55,25964.82,11303.76
518,2018-09-04,1,730.9,2896.72,8716.05,25952.48,11319.49
519,2018-09-05,1,739.62,2888.6,8749.51,25974.99,11386.73
520,2018-09-06,1,741.9,2878.05,8753.17,25995.87,11367.29
521,2018-09-07,1,733.6,2871.68,8719.62,25916.54,11347.54
522,2018-09-08,0,733.6,2871.68,8719.62,25916.54,11347.54
523,2018-09-09,0,733.6,2871.68,8719.62,25916.54,11347.54
524,2018-09-10,1,737.53,2877.13,8759.3,25857.07,11554.08
525,2018-09-11,1,735.63,2887.89,8774.09,25971.06,11534.57
526,2018-09-12,1,735.1,2888.92,8773.73,25998.92,11512.02
527,2018-09-13,1,741.96,2904.18,8803.01,26145.99,11462.27
528,2018-09-14,1,736.88,2904.98,8819.73,26154.67,11570.84
529,2018-09-15,0,736.88,2904.98,8819.73,26154.67,11570.84
530,2018-09-16,0,736.88,2904.98,8819.73,26154.67,11570.84
531,2018-09-17,1,739.5,2888.8,8784.01,26062.12,11468.73
532,2018-09-18,1,738.39,2904.31,8828.1,26246.96,11514.94
533,2018-09-19,1,723.03,2907.95,8833.13,26405.76,11513.66
534,2018-09-20,1,724.76,2930.75,8885.68,26656.98,11517.38
535,2018-09-21,1,727.16,2929.67,8909.81,26743.5,11532.56
536,2018-09-22,0,727.16,2929.67,8909.81,26743.5,11532.56
537,2018-09-23,0,727.16,2929.67,8909.81,26743.5,11532.56
538,2018-09-24,1,720.52,2919.37,8828.31,26562.05,11370.21
539,2018-09-25,1,711.83,2915.56,8787.45,26492.21,11311.14
540,2018-09-26,1,704.04,2905.97,8767.41,26385.28,11374.66
541,2018-09-27,1,710.25,2914.0,8790.47,26439.93,11384.24
542,2018-09-28,1,720.6,2913.98,8810.24,26458.31,11379.36
543,2018-09-29,0,720.6,2913.98,8810.24,26458.31,11379.36
544,2018-09-30,0,720.6,2913.98,8810.24,26458.31,11379.36
545,2018-10-01,1,717.84,2924.59,8849.79,26651.21,11409.96
546,2018-10-02,1,727.36,2923.43,8861.65,26773.94,11281.08
547,2018-10-03,1,719.17,2925.51,8871.98,26828.39,11342.96
548,2018-10-04,1,722.56,2901.61,8828.42,26627.48,11296.2
549,2018-10-05,1,733.73,2885.57,8792.59,26447.05,11206.77
550,2018-10-06,0,733.73,2885.57,8792.59,26447.05,11206.77
551,2018-10-07,0,733.73,2885.57,8792.59,26447.05,11206.77
552,2018-10-08,1,739.56,2884.43,8809.41,26486.78,11203.9
553,2018-10-09,1,742.98,2880.34,8759.21,26430.57,10996.08
554,2018-10-10,1,739.54,2785.68,8495.34,25598.74,10550.92
555,2018-10-11,1,723.37,2728.37,8328.92,25052.83,10397.23
556,2018-10-12,1,723.61,2767.13,8405.11,25339.99,10489.29
557,2018-10-13,0,723.61,2767.13,8405.11,25339.99,10489.29
558,2018-10-14,0,723.61,2767.13,8405.11,25339.99,10489.29
559,2018-10-15,1,726.35,2750.79,8406.28,25250.55,10553.97
560,2018-10-16,1,734.97,2809.92,8568.52,25798.42,10744.85
561,2018-10-17,1,733.53,2809.21,8535.07,25706.68,10683.82
562,2018-10-18,1,734.83,2768.78,8413.1,25379.45,10404.24
563,2018-10-19,1,746.3,2767.78,8452.3,25444.34,10438.81
564,2018-10-20,0,746.3,2767.78,8452.3,25444.34,10438.81
565,2018-10-21,0,746.3,2767.78,8452.3,25444.34,10438.81
566,2018-10-22,1,742.02,2755.88,8419.82,25317.41,10435.76
567,2018-10-23,1,737.04,2740.69,8344.0,25191.43,10237.02
568,2018-10-24,1,753.65,2656.1,8181.6,24583.42,9905.13
569,2018-10-25,1,742.37,2705.57,8281.23,24984.55,10091.81
570,2018-10-26,1,729.72,2658.69,8175.23,24688.31,9965.67
571,2018-10-27,0,729.72,2658.69,8175.23,24688.31,9965.67
572,2018-10-28,0,729.72,2658.69,8175.23,24688.31,9965.67
573,2018-10-29,1,740.24,2641.25,8129.97,24442.92,9896.11
574,2018-10-30,1,742.58,2682.63,8278.31,24874.64,10175.57
575,2018-10-31,1,733.84,2711.74,8314.03,25115.76,10191.18
576,2018-11-01,1,729.11,2740.37,8396.08,25380.74,10368.52
577,2018-11-02,1,724.85,2723.06,8367.13,25270.83,10366.32
578,2018-11-03,0,724.85,2723.06,8367.13,25270.83,10366.32
579,2018-11-04,0,724.85,2723.06,8367.13,25270.83,10366.32
580,2018-11-05,1,734.8,2738.31,8419.85,25461.7,10361.81
581,2018-11-06,1,740.15,2755.45,8486.78,25635.01,10474.11
582,2018-11-07,1,747.1,2813.89,8656.47,26180.3,10714.49
583,2018-11-08,1,743.73,2806.83,8641.32,26191.22,10660.66
584,2018-11-09,1,738.23,2781.01,8561.83,25989.3,10517.21
585,2018-11-10,0,738.23,2781.01,8561.83,25989.3,10517.21
586,2018-11-11,0,738.23,2781.01,8561.83,25989.3,10517.21
587,2018-11-12,1,733.04,2726.22,8403.44,25387.18,10366.51
588,2018-11-13,1,735.25,2722.18,8402.01,25286.49,10433.45
589,2018-11-14,1,724.57,2701.58,8349.16,25080.5,10456.61
590,2018-11-15,1,715.02,2730.2,8408.19,25289.27,10615.3
591,2018-11-16,1,729.43,2736.27,8449.46,25413.22,10583.6
592,2018-11-17,0,729.43,2736.27,8449.46,25413.22,10583.6
593,2018-11-18,0,729.43,2736.27,8449.46,25413.22,10583.6
594,2018-11-19,1,732.29,2690.73,8366.6,25017.44,10534.46
595,2018-11-20,1,727.65,2641.89,8181.95,24465.64,10212.94
596,2018-11-21,1,718.69,2649.93,8199.85,24464.69,10365.53
597,2018-11-22,0,718.69,2649.93,8199.85,24464.69,10365.53
598,2018-11-23,1,719.63,2632.56,8167.4,24285.95,10369.01
599,2018-11-24,0,719.63,2632.56,8167.4,24285.95,10369.01
600,2018-11-25,0,719.63,2632.56,8167.4,24285.95,10369.01
601,2018-11-26,1,723.84,2673.45,8266.61,24640.24,10476.55
602,2018-11-27,1,730.49,2682.17,8305.13,24748.73,10505.81
603,2018-11-28,1,730.09,2743.79,8481.05,25366.43,10766.61
604,2018-11-29,1,729.08,2737.76,8455.23,25338.84,10679.8
605,2018-11-30,1,741.92,2760.17,8545.83,25538.46,10820.2
606,2018-12-01,1,727.25,2704.1,8252.36,24999.67,10059.37
607,2018-12-02,1,753.29,2784.7,8333.83,25106.33,10632.49
608,2018-12-03,1,748.56,2790.37,8619.47,25826.43,10850.44
609,2018-12-04,1,749.84,2700.06,8363.02,25027.07,10374.07
610,2018-12-05,1,807.22,2884.05,8349.1,25126.41,10638.22
611,2018-12-06,1,749.34,2695.95,8343.42,24947.67,10358.7
612,2018-12-07,1,753.51,2633.08,8153.5,24388.95,9951.16
613,2018-12-08,1,818.21,2900.51,8798.44,26583.42,10433.45
614,2018-12-09,1,879.11,2979.39,9056.67,27147.08,10813.62
615,2018-12-10,1,755.49,2637.72,8147.31,24423.26,9876.54
616,2018-12-11,1,756.94,2636.78,8129.57,24370.24,9831.0
617,2018-12-12,1,753.54,2651.07,8155.06,24527.27,9833.81
618,2018-12-13,1,759.55,2650.54,8143.86,24597.38,9672.74
619,2018-12-14,1,757.85,2599.95,8010.05,24100.51,9514.11
620,2018-12-15,0,757.85,2599.95,8010.05,24100.51,9514.11
621,2018-12-16,0,757.85,2599.95,8010.05,24100.51,9514.11
622,2018-12-17,1,732.21,2545.94,7844.65,23592.98,9403.53
623,2018-12-18,1,728.05,2546.16,7862.88,23675.64,9445.47
624,2018-12-19,1,726.76,2506.96,7727.82,23323.66,9147.66
625,2018-12-20,1,729.42,2467.42,7616.5,22859.6,9029.94
626,2018-12-21,1,722.38,2416.62,7490.61,22445.37,8874.79
627,2018-12-22,0,722.38,2416.62,7490.61,22445.37,8874.79
628,2018-12-23,0,722.38,2416.62,7490.61,22445.37,8874.79
629,2018-12-24,1,692.0,2351.1,7261.5,21792.2,8637.15
630,2018-12-25,0,692.0,2351.1,7261.5,21792.2,8637.15
631,2018-12-26,1,703.51,2467.7,7592.6,22878.45,9102.12
632,2018-12-27,1,710.89,2488.83,7666.84,23138.82,9154.24
633,2018-12-28,1,711.94,2485.74,7643.97,23062.4,9109.13
634,2018-12-29,0,711.94,2485.74,7643.97,23062.4,9109.13
635,2018-12-30,0,711.94,2485.74,7643.97,23062.4,9109.13
636,2018-12-31,1,712.93,2506.85,7710.44,23327.46,9170.4
637,2019-01-01,0,712.93,2506.85,7710.44,23327.46,9170.4
638,2019-01-02,1,701.04,2510.03,7701.2,23346.24,9202.47
639,2019-01-03,1,701.55,2447.89,7504.21,22686.22,8881.49
640,2019-01-04,1,711.91,2531.94,7741.12,23433.16,9225.02
641,2019-01-05,0,711.91,2531.94,7741.12,23433.16,9225.02
642,2019-01-06,0,711.91,2531.94,7741.12,23433.16,9225.02
643,2019-01-07,1,704.45,2549.69,7763.19,23531.35,9296.23
644,2019-01-08,1,711.43,2574.41,7857.45,23787.45,9447.85
645,2019-01-09,1,707.29,2584.96,7897.68,23879.12,9583.25
646,2019-01-10,1,717.04,2596.64,7946.79,24001.92,9624.7
647,2019-01-11,1,713.86,2596.26,7940.44,23995.95,9625.25
648,2019-01-12,0,713.86,2596.26,7940.44,23995.95,9625.25
649,2019-01-13,0,713.86,2596.26,7940.44,23995.95,9625.25
650,2019-01-14,1,695.08,2582.61,7893.62,23909.84,9630.92
651,2019-01-15,1,701.69,2610.3,7919.1,24065.59,9557.7
652,2019-01-16,1,702.94,2616.1,7959.66,24207.16,9608.3
653,2019-01-17,1,705.47,2635.96,8027.7,24370.1,9756.75
654,2019-01-18,1,706.65,2670.71,8148.46,24706.35,10012.06
655,2019-01-19,0,706.65,2670.71,8148.46,24706.35,10012.06
656,2019-01-20,0,706.65,2670.71,8148.46,24706.35,10012.06
657,2019-01-21,0,706.65,2670.71,8148.46,24706.35,10012.06
658,2019-01-22,1,707.81,2632.9,8052.49,24404.48,9822.22
659,2019-01-23,1,714.97,2638.7,8079.77,24575.62,9734.92
660,2019-01-24,1,717.96,2642.33,8103.86,24553.24,9842.52
661,2019-01-25,1,708.2,2664.76,8137.99,24737.2,9921.78
662,2019-01-26,0,708.2,2664.76,8137.99,24737.2,9921.78
663,2019-01-27,0,708.2,2664.76,8137.99,24737.2,9921.78
664,2019-01-28,1,704.51,2643.85,8091.24,24528.22,9921.59
665,2019-01-29,1,707.15,2640.0,8115.68,24579.96,9967.32
666,2019-01-30,1,712.1,2681.05,8231.6,25014.86,10078.7
667,2019-01-31,1,727.25,2704.1,8252.36,24999.67,10059.37
668,2019-02-01,1,724.66,2706.53,8273.63,25063.89,10123.99
669,2019-02-02,0,724.66,2706.53,8273.63,25063.89,10123.99
670,2019-02-03,0,724.66,2706.53,8273.63,25063.89,10123.99
671,2019-02-04,1,726.32,2724.87,8328.22,25239.37,10208.61
672,2019-02-05,1,727.24,2737.7,8371.79,25411.52,10250.74
673,2019-02-06,1,726.3,2731.61,8361.56,25390.3,10229.89
674,2019-02-07,1,736.0,2706.05,8330.37,25169.53,10198.06
675,2019-02-08,1,739.86,2707.88,8320.88,25106.33,10177.03
676,2019-02-09,0,739.86,2707.88,8320.88,25106.33,10177.03
677,2019-02-10,0,739.86,2707.88,8320.88,25106.33,10177.03
678,2019-02-11,1,737.69,2709.8,8333.83,25053.11,10304.45
679,2019-02-12,1,739.24,2744.73,8437.87,25425.76,10445.27
680,2019-02-13,1,737.34,2753.03,8467.85,25543.27,10496.97
681,2019-02-14,1,735.43,2745.73,8453.13,25439.39,10537.63
682,2019-02-15,1,738.52,2775.6,8550.06,25883.25,10567.69
683,2019-02-16,0,738.52,2775.6,8550.06,25883.25,10567.69
684,2019-02-17,0,738.52,2775.6,8550.06,25883.25,10567.69
685,2019-02-18,0,738.52,2775.6,8550.06,25883.25,10567.69
686,2019-02-19,1,743.2,2779.76,8570.82,25891.32,10617.68
687,2019-02-20,1,745.94,2784.7,8589.99,25954.44,10627.49
688,2019-02-21,1,750.95,2774.88,8580.4,25850.63,10632.49
689,2019-02-22,1,757.24,2792.67,8618.16,26031.81,10593.05
690,2019-02-23,0,757.24,2792.67,8618.16,26031.81,10593.05
691,2019-02-24,0,757.24,2792.67,8618.16,26031.81,10593.05
692,2019-02-25,1,753.05,2796.11,8620.28,26091.95,10585.0
693,2019-02-26,1,753.29,2793.9,8606.03,26057.98,10546.47
694,2019-02-27,1,754.71,2792.38,8583.11,25985.16,10491.91
695,2019-02-28,1,756.34,2784.49,8567.61,25916.0,10467.22
696,2019-03-01,1,759.16,2803.69,8592.78,26026.32,10462.04
697,2019-03-02,0,759.16,2803.69,8592.78,26026.32,10462.04
698,2019-03-03,0,759.16,2803.69,8592.78,26026.32,10462.04
699,2019-03-04,1,761.44,2792.81,8544.2,25819.65,10399.73
700,2019-03-05,1,760.33,2789.65,8521.44,25806.63,10314.08
701,2019-03-06,1,760.09,2771.45,8484.29,25673.46,10261.16
702,2019-03-07,1,762.38,2748.93,8429.15,25473.23,10162.16
703,2019-03-08,1,765.3,2743.07,8420.47,25450.24,10116.86
704,2019-03-09,0,765.3,2743.07,8420.47,25450.24,10116.86
705,2019-03-10,0,765.3,2743.07,8420.47,25450.24,10116.86
706,2019-03-11,1,771.11,2783.3,8511.18,25650.88,10312.92
707,2019-03-12,1,776.35,2791.52,8491.46,25554.66,10261.53
708,2019-03-13,1,777.23,2810.92,8543.86,25702.89,10367.12
709,2019-03-14,1,776.63,2808.48,8539.52,25709.94,10345.54
710,2019-03-15,1,779.36,2822.48,8563.57,25848.87,10310.12
711,2019-03-16,0,779.36,2822.48,8563.57,25848.87,10310.12
712,2019-03-17,0,779.36,2822.48,8563.57,25848.87,10310.12
713,2019-03-18,1,776.77,2832.94,8593.47,25914.1,10414.36
714,2019-03-19,1,768.2,2832.57,8543.5,25887.38,10277.32
715,2019-03-20,1,770.92,2824.23,8492.88,25745.67,10143.26
716,2019-03-21,1,779.35,2854.88,8580.07,25962.51,10285.67
717,2019-03-22,1,784.26,2800.71,8451.46,25502.32,10052.3
718,2019-03-23,0,784.26,2800.71,8451.46,25502.32,10052.3
719,2019-03-24,0,784.26,2800.71,8451.46,25502.32,10052.3
720,2019-03-25,1,784.0,2798.36,8442.79,25516.83,10000.79
721,2019-03-26,1,789.51,2818.46,8502.52,25657.73,10107.41
722,2019-03-27,1,783.74,2805.37,8504.98,25625.59,10197.64
723,2019-03-28,1,774.06,2815.44,8530.74,25717.46,10319.63
724,2019-03-29,1,778.72,2834.4,8598.46,25928.68,10407.96
725,2019-03-30,0,778.72,2834.4,8598.46,25928.68,10407.96
726,2019-03-31,0,778.72,2834.4,8598.46,25928.68,10407.96
727,2019-04-01,1,774.45,2867.19,8703.81,26258.42,10643.65
728,2019-04-02,1,775.44,2867.24,8686.6,26179.13,10625.54
729,2019-04-03,1,774.85,2873.4,8696.55,26218.13,10642.31
730,2019-04-04,1,772.35,2879.39,8733.61,26384.63,10688.4
731,2019-04-05,1,780.29,2892.74,8765.64,26424.99,10734.3
732,2019-04-06,0,780.29,2892.74,8765.64,26424.99,10734.3
733,2019-04-07,0,780.29,2892.74,8765.64,26424.99,10734.3
734,2019-04-08,1,774.8,2895.77,8741.79,26341.02,10744.97
735,2019-04-09,1,776.22,2878.2,8686.81,26150.58,10645.42
736,2019-04-10,1,773.51,2888.21,8693.67,26157.16,10695.1
737,2019-04-11,1,777.47,2888.32,8717.36,26143.05,10785.08
738,2019-04-12,1,783.56,2907.41,8807.05,26412.3,10912.19
739,2019-04-13,0,783.56,2907.41,8807.05,26412.3,10912.19
740,2019-04-14,0,783.56,2907.41,8807.05,26412.3,10912.19
741,2019-04-15,1,782.09,2905.58,8779.35,26384.77,10819.47
742,2019-04-16,1,771.69,2907.06,8774.82,26452.66,10826.72
743,2019-04-17,1,770.58,2900.45,8795.36,26449.54,10935.6
744,2019-04-18,1,772.13,2905.03,8830.42,26559.54,10988.22
745,2019-04-19,0,772.13,2905.03,8830.42,26559.54,10988.22
746,2019-04-20,0,772.13,2905.03,8830.42,26559.54,10988.22
747,2019-04-21,0,772.13,2905.03,8830.42,26559.54,10988.22
748,2019-04-22,1,770.94,2907.97,8816.58,26511.05,10977.06
749,2019-04-23,1,772.93,2933.68,8853.55,26656.39,11003.09
750,2019-04-24,1,776.85,2927.25,8869.8,26597.05,11098.99
751,2019-04-25,1,780.38,2926.17,8796.57,26462.08,10845.62
752,2019-04-26,1,782.52,2939.88,8823.73,26543.33,10881.77
753,2019-04-27,0,782.52,2939.88,8823.73,26543.33,10881.77
754,2019-04-28,0,782.52,2939.88,8823.73,26543.33,10881.77
755,2019-04-29,1,777.47,2943.03,8800.78,26554.39,10807.46
756,2019-04-30,1,790.0,2945.83,8839.52,26592.91,10847.02
757,2019-05-01,1,780.39,2923.73,8751.33,26430.14,10661.57
758,2019-05-02,1,777.97,2917.52,8750.32,26307.79,10787.64
759,2019-05-03,1,783.1,2945.64,8833.84,26504.95,10958.89
760,2019-05-04,0,783.1,2945.64,8833.84,26504.95,10958.89
761,2019-05-05,0,783.1,2945.64,8833.84,26504.95,10958.89
762,2019-05-06,1,778.02,2932.47,8799.73,26438.48,10902.01
763,2019-05-07,1,775.14,2884.05,8654.69,25965.09,10670.47
764,2019-05-08,1,765.94,2879.42,8631.4,25967.33,10638.22
765,2019-05-09,1,765.1,2870.72,8600.98,25828.36,10627.37
766,2019-05-10,1,777.46,2881.4,8640.08,25942.37,10602.19
767,2019-05-11,0,777.46,2881.4,8640.08,25942.37,10602.19
768,2019-05-12,0,777.46,2881.4,8640.08,25942.37,10602.19
769,2019-05-13,1,786.63,2811.87,8475.82,25324.99,10305.85
770,2019-05-14,1,780.77,2834.41,8536.38,25532.05,10454.97
771,2019-05-15,1,780.91,2850.96,8563.1,25648.02,10475.08
772,2019-05-16,1,786.32,2876.32,8641.82,25862.68,10605.61
773,2019-05-17,1,790.23,2859.53,8605.91,25764.0,10491.85
774,2019-05-18,0,790.23,2859.53,8605.91,25764.0,10491.85
775,2019-05-19,0,790.23,2859.53,8605.91,25764.0,10491.85
776,2019-05-20,1,791.19,2840.23,8585.19,25679.9,10461.73
777,2019-05-21,1,791.93,2864.36,8634.75,25877.33,10510.87
778,2019-05-22,1,800.52,2856.27,8593.4,25776.61,10332.98
779,2019-05-23,1,807.22,2822.24,8516.65,25490.47,10171.61
780,2019-05-24,1,804.71,2826.06,8523.01,25585.69,10137.59
781,2019-05-25,0,804.71,2826.06,8523.01,25585.69,10137.59
782,2019-05-26,0,804.71,2826.06,8523.01,25585.69,10137.59
783,2019-05-27,0,804.71,2826.06,8523.01,25585.69,10137.59
784,2019-05-28,1,791.96,2802.39,8426.17,25347.77,10005.97
785,2019-05-29,1,781.83,2783.02,8349.1,25126.41,9929.95
786,2019-05-30,1,781.6,2788.86,8356.25,25169.88,9926.47
787,2019-05-31,1,784.43,2752.06,8253.53,24815.04,9738.03
788,2019-06-01,0,784.43,2752.06,8253.53,24815.04,9738.03
789,2019-06-02,0,784.43,2752.06,8253.53,24815.04,9738.03
790,2019-06-03,1,791.77,2744.45,8272.52,24819.78,9759.86
791,2019-06-04,1,793.18,2803.27,8441.96,25332.18,10083.76
792,2019-06-05,1,810.15,2826.15,8531.34,25539.57,10171.3
793,2019-06-06,1,812.91,2843.49,8551.07,25720.66,10077.54
794,2019-06-07,1,806.6,2873.34,8603.27,25983.94,10140.64
795,2019-06-08,0,806.6,2873.34,8603.27,25983.94,10140.64
796,2019-06-09,0,806.6,2873.34,8603.27,25983.94,10140.64
797,2019-06-10,1,801.38,2886.73,8628.18,26062.68,10231.9
798,2019-06-11,1,796.46,2885.72,8609.35,26048.51,10198.55
799,2019-06-12,1,805.78,2879.84,8628.38,26004.83,10246.96
800,2019-06-13,1,807.58,2891.64,8672.52,26106.77,10347.36
801,2019-06-14,1,815.55,2886.98,8674.91,26089.61,10305.3
802,2019-06-15,0,815.55,2886.98,8674.91,26089.61,10305.3
803,2019-06-16,0,815.55,2886.98,8674.91,26089.61,10305.3
804,2019-06-17,1,814.05,2889.67,8653.93,26112.53,10199.04
805,2019-06-18,1,810.76,2917.75,8741.3,26465.54,10320.85
806,2019-06-19,1,817.68,2926.46,8765.77,26504.0,10341.63
807,2019-06-20,1,821.88,2954.18,8836.2,26753.17,10412.66
808,2019-06-21,1,826.33,2950.46,8825.05,26719.13,10352.49
809,2019-06-22,0,826.33,2950.46,8825.05,26719.13,10352.49
810,2019-06-23,0,826.33,2950.46,8825.05,26719.13,10352.49
811,2019-06-24,1,827.39,2945.35,8795.63,26727.54,10197.39
812,2019-06-25,1,821.4,2917.38,8731.74,26548.22,10109.91
813,2019-06-26,1,804.66,2913.78,8713.11,26536.82,10176.79
814,2019-06-27,1,805.35,2924.92,8740.44,26526.58,10308.53
815,2019-06-28,1,810.66,2941.76,8796.83,26599.96,10461.98
816,2019-06-29,0,810.66,2941.76,8796.83,26599.96,10461.98
817,2019-06-30,0,810.66,2941.76,8796.83,26599.96,10461.98
818,2019-07-01,1,807.77,2964.33,8823.35,26717.43,10505.93
819,2019-07-02,1,818.0,2973.01,8837.16,26786.68,10420.46
820,2019-07-03,1,824.13,2995.82,8904.55,26966.0,10523.31
821,2019-07-04,0,824.13,2995.82,8904.55,26966.0,10523.31
822,2019-07-05,1,822.49,2990.41,8885.02,26922.12,10485.02
823,2019-07-06,0,822.49,2990.41,8885.02,26922.12,10485.02
824,2019-07-07,0,822.49,2990.41,8885.02,26922.12,10485.02
825,2019-07-08,1,824.52,2975.95,8851.92,26806.14,10416.13
826,2019-07-09,1,825.32,2979.63,8832.65,26783.49,10339.01
827,2019-07-10,1,828.09,2993.07,8842.31,26860.2,10291.64
828,2019-07-11,1,828.53,2999.91,8907.61,27088.08,10390.04
829,2019-07-12,1,824.3,3013.77,8999.09,27332.03,10637.31
830,2019-07-13,0,824.3,3013.77,8999.09,27332.03,10637.31
831,2019-07-14,0,824.3,3013.77,8999.09,27332.03,10637.31
832,2019-07-15,1,826.25,3014.3,9000.15,27359.16,10601.03
833,2019-07-16,1,821.47,3004.04,9028.06,27335.63,10794.59
834,2019-07-17,1,824.58,2984.42,8929.16,27219.85,10406.93
835,2019-07-18,1,831.33,2995.11,8969.9,27222.97,10537.51
836,2019-07-19,1,820.08,2976.61,8950.32,27154.2,10604.2
837,2019-07-20,0,820.08,2976.61,8950.32,27154.2,10604.2
838,2019-07-21,0,820.08,2976.61,8950.32,27154.2,10604.2
839,2019-07-22,1,818.58,2985.03,8954.94,27171.9,10622.92
840,2019-07-23,1,813.07,3005.47,8998.87,27349.19,10717.6
841,2019-07-24,1,815.06,3019.56,8999.67,27269.97,10775.39
842,2019-07-25,1,812.33,3003.67,8952.64,27140.98,10693.82
843,2019-07-26,1,815.76,3025.86,8986.41,27192.45,10776.67
844,2019-07-27,0,815.76,3025.86,8986.41,27192.45,10776.67
845,2019-07-28,0,815.76,3025.86,8986.41,27192.45,10776.67
846,2019-07-29,1,818.86,3020.97,8997.47,27221.35,10776.0
847,2019-07-30,1,811.65,3013.18,8981.67,27198.02,10784.84
848,2019-07-31,1,808.94,2980.38,8895.21,26864.27,10701.75
849,2019-08-01,1,816.57,2953.56,8798.44,26583.42,10433.45
850,2019-08-02,1,817.87,2932.05,8769.46,26485.01,10374.43
851,2019-08-03,0,817.87,2932.05,8769.46,26485.01,10374.43
852,2019-08-04,0,817.87,2932.05,8769.46,26485.01,10374.43
853,2019-08-05,1,803.29,2844.74,8524.96,25717.74,10040.23
854,2019-08-06,1,814.22,2881.77,8632.73,26029.52,10172.52
855,2019-08-07,1,817.24,2883.98,8629.23,26007.07,10150.21
856,2019-08-08,1,825.02,2938.09,8751.5,26378.19,10324.38
857,2019-08-09,1,826.3,2918.65,8711.58,26287.44,10207.21
858,2019-08-10,0,826.3,2918.65,8711.58,26287.44,10207.21
859,2019-08-11,0,826.3,2918.65,8711.58,26287.44,10207.21
860,2019-08-12,1,824.79,2883.75,8597.13,25897.71,10032.49
861,2019-08-13,1,825.24,2926.32,8695.74,26279.91,10148.68
862,2019-08-14,1,818.21,2840.6,8464.66,25479.42,9842.4
863,2019-08-15,1,828.66,2847.6,8486.36,25579.39,9764.49
864,2019-08-16,1,831.22,2888.68,8592.81,25886.01,9967.32
865,2019-08-17,0,831.22,2888.68,8592.81,25886.01,9967.32
866,2019-08-18,0,831.22,2888.68,8592.81,25886.01,9967.32
867,2019-08-19,1,836.4,2923.65,8674.32,26135.79,10081.38
868,2019-08-20,1,834.45,2900.51,8621.59,25962.44,10006.03
869,2019-08-21,1,840.1,2924.43,8699.45,26202.73,10107.47
870,2019-08-22,1,840.39,2922.95,8702.15,26252.24,10073.15
871,2019-08-23,1,832.03,2847.11,8496.74,25628.9,9739.74
872,2019-08-24,0,832.03,2847.11,8496.74,25628.9,9739.74
873,2019-08-25,0,832.03,2847.11,8496.74,25628.9,9739.74
874,2019-08-26,1,842.4,2878.38,8587.56,25898.83,9834.72
875,2019-08-27,1,843.13,2869.16,8544.49,25777.9,9734.68
876,2019-08-28,1,840.47,2887.94,8625.66,26036.1,9907.15
877,2019-08-29,1,845.28,2924.58,8739.01,26362.25,10105.4
878,2019-08-30,1,845.52,2926.46,8751.88,26403.28,10126.98
879,2019-08-31,0,845.52,2926.46,8751.88,26403.28,10126.98
880,2019-09-01,0,845.52,2926.46,8751.88,26403.28,10126.98
881,2019-09-02,0,845.52,2926.46,8751.88,26403.28,10126.98
882,2019-09-03,1,860.85,2906.27,8696.63,26118.02,9991.52
883,2019-09-04,1,860.92,2937.78,8767.65,26355.47,10111.31
884,2019-09-05,1,849.45,2976.0,8872.87,26728.15,10369.92
885,2019-09-06,1,848.3,2978.71,8869.77,26797.46,10302.92
886,2019-09-07,0,848.3,2978.71,8869.77,26797.46,10302.92
887,2019-09-08,0,848.3,2978.71,8869.77,26797.46,10302.92
888,2019-09-09,1,844.34,2978.43,8913.94,26835.51,10510.56
889,2019-09-10,1,844.45,2979.39,8962.64,26909.43,10672.12
890,2019-09-11,1,852.36,3000.93,9039.6,27137.04,10761.19
891,2019-09-12,1,853.11,3009.57,9039.53,27182.45,10713.51
892,2019-09-13,1,846.99,3007.39,9056.67,27219.52,10813.62
893,2019-09-14,0,846.99,3007.39,9056.67,27219.52,10813.62
894,2019-09-15,0,846.99,3007.39,9056.67,27219.52,10813.62
895,2019-09-16,1,846.56,2997.96,9010.88,27076.82,10730.28
896,2019-09-17,1,854.32,3005.7,9026.36,27110.8,10705.65
897,2019-09-18,1,856.2,3006.73,9009.24,27147.08,10576.34
898,2019-09-19,1,859.69,3006.79,8990.3,27094.79,10504.22
899,2019-09-20,1,862.9,2992.07,8955.04,26935.07,10454.36
900,2019-09-21,0,862.9,2992.07,8955.04,26935.07,10454.36
901,2019-09-22,0,862.9,2992.07,8955.04,26935.07,10454.36
902,2019-09-23,1,864.33,2991.78,8945.26,26949.99,10382.66
903,2019-09-24,1,874.74,2966.6,8926.66,26807.77,10333.31
904,2019-09-25,1,874.48,2984.87,8978.61,26970.71,10433.32
905,2019-09-26,1,879.11,2977.62,8966.72,26891.12,10409.03
906,2019-09-27,1,876.46,2961.79,8933.9,26820.25,10341.27
907,2019-09-28,0,876.46,2961.79,8933.9,26820.25,10341.27
908,2019-09-29,0,876.46,2961.79,8933.9,26820.25,10341.27
909,2019-09-30,1,878.66,2976.74,8961.15,26916.83,10363.58
910,2019-10-01,1,874.26,2940.25,8835.45,26573.04,10119.6
911,2019-10-02,1,864.1,2887.61,8672.26,26078.62,9884.35
912,2019-10-03,1,867.45,2910.63,8710.66,26201.04,9925.98
913,2019-10-04,1,880.5,2952.01,8827.92,26573.72,10029.84
914,2019-10-05,0,880.5,2952.01,8827.92,26573.72,10029.84
915,2019-10-06,0,880.5,2952.01,8827.92,26573.72,10029.84
916,2019-10-07,1,876.22,2938.79,8798.55,26478.02,10014.56
917,2019-10-08,1,868.17,2893.06,8684.32,26164.04,9829.2
918,2019-10-09,1,873.47,2919.4,8753.11,26346.01,9943.33
919,2019-10-10,1,872.2,2938.13,8805.96,26496.67,10067.33
920,2019-10-11,1,866.66,2970.27,8904.75,26816.59,10291.98
921,2019-10-12,0,866.66,2970.27,8904.75,26816.59,10291.98
922,2019-10-13,0,866.66,2970.27,8904.75,26816.59,10291.98
923,2019-10-14,1,859.8,2966.15,8878.96,26787.36,10256.1
924,2019-10-15,1,857.1,2995.68,8947.09,27024.8,10386.29
925,2019-10-16,1,859.4,2989.69,8956.83,27001.98,10432.81
926,2019-10-17,1,862.34,2997.95,8980.27,27025.88,10496.18
927,2019-10-18,1,866.01,2986.2,8940.8,26770.2,10508.74
928,2019-10-19,0,866.01,2986.2,8940.8,26770.2,10508.74
929,2019-10-20,0,866.01,2986.2,8940.8,26770.2,10508.74
930,2019-10-21,1,868.22,3006.72,8986.33,26827.64,10652.12
931,2019-10-22,1,873.27,2995.99,9008.32,26788.1,10747.59
932,2019-10-23,1,876.46,3004.52,9018.47,26833.95,10726.59
933,2019-10-24,1,879.82,3010.29,9008.55,26805.53,10676.57
934,2019-10-25,1,866.92,3022.55,9052.32,26958.06,10856.41
935,2019-10-26,0,866.92,3022.55,9052.32,26958.06,10856.41
936,2019-10-27,0,866.92,3022.55,9052.32,26958.06,10856.41
937,2019-10-28,1,854.55,3039.42,9054.37,27090.72,10853.36
938,2019-10-29,1,855.03,3036.89,9046.54,27071.42,10829.77
939,2019-10-30,1,860.1,3046.77,9037.33,27186.69,10639.2
940,2019-10-31,1,867.52,3037.56,8994.23,27046.23,10498.86
941,2019-11-01,1,867.83,3066.91,9103.41,27347.36,10738.81
942,2019-11-02,0,867.83,3066.91,9103.41,27347.36,10738.81
943,2019-11-03,0,867.83,3066.91,9103.41,27347.36,10738.81
944,2019-11-04,1,856.93,3078.27,9157.13,27462.11,10982.15
945,2019-11-05,1,848.26,3074.62,9161.51,27492.63,11050.03
946,2019-11-06,1,850.36,3076.78,9161.08,27492.56,11030.04
947,2019-11-07,1,838.34,3085.18,9186.95,27674.8,11091.37
948,2019-11-08,1,835.3,3093.08,9177.46,27681.24,11067.16
949,2019-11-09,0,835.3,3093.08,9177.46,27681.24,11067.16
950,2019-11-10,0,835.3,3093.08,9177.46,27681.24,11067.16
951,2019-11-11,1,829.75,3087.01,9161.24,27691.49,11029.55
952,2019-11-12,1,832.2,3091.84,9150.77,27691.49,10959.26
953,2019-11-13,1,844.31,3094.04,9165.78,27783.59,10842.63
954,2019-11-14,1,845.53,3096.63,9173.82,27781.96,10871.35
955,2019-11-15,1,848.47,3120.46,9222.87,28004.89,10876.29
956,2019-11-16,0,848.47,3120.46,9222.87,28004.89,10876.29
957,2019-11-17,0,848.47,3120.46,9222.87,28004.89,10876.29
958,2019-11-18,1,850.54,3122.03,9233.26,28036.22,10879.09
959,2019-11-19,1,848.31,3120.18,9202.94,27934.02,10847.63
960,2019-11-20,1,855.01,3108.46,9161.17,27821.09,10695.04
961,2019-11-21,1,851.37,3103.54,9141.09,27766.29,10681.29
962,2019-11-22,1,851.25,3110.29,9183.86,27875.62,10785.15
963,2019-11-23,0,851.25,3110.29,9183.86,27875.62,10785.15
964,2019-11-24,0,851.25,3110.29,9183.86,27875.62,10785.15
965,2019-11-25,1,848.88,3133.64,9250.77,28066.47,10948.5
966,2019-11-26,1,852.18,3140.52,9271.99,28121.68,10970.23
967,2019-11-27,1,852.87,3153.63,9276.51,28164.0,10947.55
968,2019-11-28,0,852.87,3153.63,9276.51,28164.0,10947.55
969,2019-11-29,1,851.72,3140.98,9233.75,28051.41,10857.57
970,2019-11-30,0,851.72,3140.98,9233.75,28051.41,10857.57
971,2019-12-01,1,943.03,3295.47,9527.45,29297.64,11278.85
972,2019-12-02,1,845.88,3113.87,9145.63,27783.04,10734.85
973,2019-12-03,1,850.67,3093.2,9050.72,27502.81,10499.29
974,2019-12-04,1,855.8,3112.76,9104.24,27649.78,10574.58
975,2019-12-05,1,856.86,3117.43,9111.61,27677.79,10574.88
976,2019-12-06,1,855.04,3145.91,9201.18,28015.06,10708.54
977,2019-12-07,1,817.04,3239.41,8344.36,27005.84,9994.81
978,2019-12-08,1,803.22,3500.31,9353.92,28653.87,11322.0
979,2019-12-09,1,851.78,3135.96,9168.24,27909.6,10676.51
980,2019-12-10,1,852.58,3132.52,9154.44,27881.72,10629.87
981,2019-12-11,1,855.01,3141.63,9174.99,27911.3,10678.89
982,2019-12-12,1,849.68,3168.57,9230.92,28132.05,10789.41
983,2019-12-13,1,856.85,3168.8,9241.8,28135.38,10775.76
984,2019-12-14,0,856.85,3168.8,9241.8,28135.38,10775.76
985,2019-12-15,0,856.85,3168.8,9241.8,28135.38,10775.76
986,2019-12-16,1,867.33,3191.45,9299.71,28235.89,10867.32
987,2019-12-17,1,867.99,3192.52,9309.43,28267.16,10879.27
988,2019-12-18,1,871.9,3191.14,9290.11,28239.28,10779.78
989,2019-12-19,1,871.87,3205.37,9321.69,28376.96,10804.78
990,2019-12-20,1,878.26,3221.22,9368.76,28455.09,10900.73
991,2019-12-21,0,878.26,3221.22,9368.76,28455.09,10900.73
992,2019-12-22,0,878.26,3221.22,9368.76,28455.09,10900.73
993,2019-12-23,1,870.15,3224.01,9374.87,28551.53,10912.68
994,2019-12-24,1,871.56,3223.38,9371.16,28515.45,10915.55
995,2019-12-25,0,871.56,3223.38,9371.16,28515.45,10915.55
996,2019-12-26,1,874.33,3239.91,9403.95,28621.39,10950.6
997,2019-12-27,1,876.22,3240.02,9409.02,28645.26,10936.7
998,2019-12-28,0,876.22,3240.02,9409.02,28645.26,10936.7
999,2019-12-29,0,876.22,3240.02,9409.02,28645.26,10936.7
1000,2019-12-30,1,875.41,3221.29,9359.32,28462.14,10874.58
1001,2019-12-31,1,879.17,3230.78,9386.48,28538.44,10901.28
1002,2020-01-01,0,879.17,3230.78,9386.48,28538.44,10901.28
1003,2020-01-02,1,866.82,3257.85,9446.78,28868.8,10994.31
1004,2020-01-03,1,867.44,3234.85,9385.56,28634.88,10911.4
1005,2020-01-04,0,867.44,3234.85,9385.56,28634.88,10911.4
1006,2020-01-05,0,867.44,3234.85,9385.56,28634.88,10911.4
1007,2020-01-06,1,870.03,3246.28,9390.08,28703.38,10848.73
1008,2020-01-07,1,868.6,3237.18,9372.83,28583.68,10887.56
1009,2020-01-08,1,868.91,3253.05,9424.69,28745.09,10983.64
1010,2020-01-09,1,872.65,3274.7,9481.03,28956.9,11025.82
1011,2020-01-10,1,874.1,3265.35,9447.19,28823.77,10973.88
1012,2020-01-11,0,874.1,3265.35,9447.19,28823.77,10973.88
1013,2020-01-12,0,874.1,3265.35,9447.19,28823.77,10973.88
1014,2020-01-13,1,879.69,3288.13,9492.25,28907.05,11062.74
1015,2020-01-14,1,882.07,3283.15,9524.47,28939.67,11164.51
1016,2020-01-15,1,895.82,3289.29,9573.56,29030.22,11195.39
1017,2020-01-16,1,900.42,3316.81,9656.44,29297.64,11304.97
1018,2020-01-17,1,908.3,3329.62,9674.97,29348.1,11278.85
1019,2020-01-18,0,908.3,3329.62,9674.97,29348.1,11278.85
1020,2020-01-19,0,908.3,3329.62,9674.97,29348.1,11278.85
1021,2020-01-20,0,908.3,3329.62,9674.97,29348.1,11278.85
1022,2020-01-21,1,917.1,3320.79,9618.72,29196.04,11075.01
1023,2020-01-22,1,919.96,3321.75,9606.01,29186.27,10999.36
1024,2020-01-23,1,928.57,3325.54,9647.41,29160.09,11143.42
1025,2020-01-24,1,931.94,3295.47,9603.24,28989.73,11059.84
1026,2020-01-25,0,931.94,3295.47,9603.24,28989.73,11059.84
1027,2020-01-26,0,931.94,3295.47,9603.24,28989.73,11059.84
1028,2020-01-27,1,929.65,3243.63,9456.34,28535.8,10796.83
1029,2020-01-28,1,933.09,3276.24,9512.13,28722.85,10861.34
1030,2020-01-29,1,935.1,3273.4,9527.45,28734.45,10905.64
1031,2020-01-30,1,943.03,3283.66,9550.49,28859.44,10833.17
1032,2020-01-31,1,938.57,3225.52,9370.29,28256.03,10566.74
1033,2020-02-01,0,938.57,3225.52,9370.29,28256.03,10566.74
1034,2020-02-02,0,938.57,3225.52,9370.29,28256.03,10566.74
1035,2020-02-03,1,940.67,3248.92,9406.73,28399.81,10590.66
1036,2020-02-04,1,930.34,3297.59,9506.66,28807.63,10783.03
1037,2020-02-05,1,934.85,3334.69,9638.33,29290.85,10928.84
1038,2020-02-06,1,935.16,3345.78,9644.34,29379.77,10874.4
1039,2020-02-07,1,931.83,3327.71,9581.66,29102.51,10857.73
1040,2020-02-08,0,931.83,3327.71,9581.66,29102.51,10857.73
1041,2020-02-09,0,931.83,3327.71,9581.66,29102.51,10857.73
1042,2020-02-10,1,934.97,3352.09,9622.64,29276.82,10866.58
1043,2020-02-11,1,938.48,3357.75,9636.66,29276.34,10902.72
1044,2020-02-12,1,938.12,3379.45,9710.01,29551.42,11003.45
1045,2020-02-13,1,947.38,3373.94,9700.51,29423.31,10994.14
1046,2020-02-14,1,955.35,3380.16,9682.42,29398.08,10862.92
1047,2020-02-15,0,955.35,3380.16,9682.42,29398.08,10862.92
1048,2020-02-16,0,955.35,3380.16,9682.42,29398.08,10862.92
1049,2020-02-17,0,955.35,3380.16,9682.42,29398.08,10862.92
1050,2020-02-18,1,960.89,3370.29,9661.41,29232.19,10865.58
1051,2020-02-19,1,950.01,3386.15,9680.12,29348.03,10943.24
1052,2020-02-20,1,952.4,3373.23,9679.08,29219.98,11032.96
1053,2020-02-21,1,948.74,3337.75,9602.49,28992.41,10908.94
1054,2020-02-22,0,948.74,3337.75,9602.49,28992.41,10908.94
1055,2020-02-23,0,948.74,3337.75,9602.49,28992.41,10908.94
1056,2020-02-24,1,935.91,3225.89,9296.87,27960.8,10509.92
1057,2020-02-25,1,915.77,3128.21,8996.46,27081.36,10061.46
1058,2020-02-26,1,906.97,3116.39,8909.77,26957.59,9840.89
1059,2020-02-27,1,865.47,2978.76,8530.18,25766.64,9484.44
1060,2020-02-28,1,839.96,2954.22,8394.63,25409.36,9388.19
1061,2020-02-29,0,839.96,2954.22,8394.63,25409.36,9388.19
1062,2020-03-01,0,839.96,2954.22,8394.63,25409.36,9388.19
1063,2020-03-02,1,886.52,3090.23,8746.05,26703.32,9475.68
1064,2020-03-03,1,877.25,3003.37,8520.3,25917.41,9200.67
1065,2020-03-04,1,926.14,3130.12,8900.54,27090.86,9512.05
1066,2020-03-05,1,908.14,3023.94,8575.61,26121.28,9010.92
1067,2020-03-06,1,901.7,2972.37,8503.09,25864.78,8956.06
1068,2020-03-07,0,901.7,2972.37,8503.09,25864.78,8956.06
1069,2020-03-08,0,901.7,2972.37,8503.09,25864.78,8956.06
1070,2020-03-09,1,852.8,2746.56,7842.88,23851.02,8083.49
1071,2020-03-10,1,860.03,2882.23,8172.27,25018.16,8520.84
1072,2020-03-11,1,812.44,2741.38,7720.97,23553.22,8126.09
1073,2020-03-12,1,723.88,2480.64,6924.4,21200.62,7259.02
1074,2020-03-13,1,762.6,2711.02,7519.6,23185.62,7939.4
1075,2020-03-14,0,762.6,2711.02,7519.6,23185.62,7939.4
1076,2020-03-15,0,762.6,2711.02,7519.6,23185.62,7939.4
1077,2020-03-16,1,678.03,2386.13,6596.71,20188.52,7023.44
1078,2020-03-17,1,769.69,2529.19,7059.9,21237.38,7468.23
1079,2020-03-18,1,737.25,2398.1,6638.87,19898.92,6971.44
1080,2020-03-19,1,695.92,2409.39,6621.89,20087.19,7078.73
1081,2020-03-20,1,646.13,2304.92,6304.73,19173.98,6837.72
1082,2020-03-21,0,646.13,2304.92,6304.73,19173.98,6837.72
1083,2020-03-22,0,646.13,2304.92,6304.73,19173.98,6837.72
1084,2020-03-23,1,610.89,2237.4,6100.31,18591.93,6703.63
1085,2020-03-24,1,673.89,2447.33,6797.83,20704.91,7540.8
1086,2020-03-25,1,697.96,2475.56,6975.88,21200.55,7724.87
1087,2020-03-26,1,757.92,2630.07,7412.43,22552.17,8045.47
1088,2020-03-27,1,758.93,2541.47,7165.62,21636.78,7699.18
1089,2020-03-28,0,758.93,2541.47,7165.62,21636.78,7699.18
1090,2020-03-29,0,758.93,2541.47,7165.62,21636.78,7699.18
1091,2020-03-30,1,785.14,2626.65,7365.27,22327.48,7790.91
1092,2020-03-31,1,756.16,2584.59,7221.21,21917.16,7732.32
1093,2020-04-01,1,708.04,2470.5,6866.08,20943.51,7352.58
1094,2020-04-02,1,729.36,2526.9,7014.83,21413.44,7445.71
1095,2020-04-03,1,706.01,2488.65,6873.01,21052.53,7305.31
1096,2020-04-04,0,706.01,2488.65,6873.01,21052.53,7305.31
1097,2020-04-05,0,706.01,2488.65,6873.01,21052.53,7305.31
1098,2020-04-06,1,758.06,2663.68,7392.72,22679.99,7837.69
1099,2020-04-07,1,750.81,2659.41,7380.33,22653.86,7865.49
1100,2020-04-08,1,789.15,2749.98,7660.88,23433.57,8152.39
1101,2020-04-09,1,827.83,2789.82,7804.73,23719.37,8236.92
1102,2020-04-10,0,827.83,2789.82,7804.73,23719.37,8236.92
1103,2020-04-11,0,827.83,2789.82,7804.73,23719.37,8236.92
1104,2020-04-12,0,827.83,2789.82,7804.73,23719.37,8236.92
1105,2020-04-13,1,801.39,2761.63,7650.63,23390.77,8036.98
1106,2020-04-14,1,825.1,2846.06,7830.89,23949.76,8177.69
1107,2020-04-15,1,796.95,2783.36,7656.83,23504.35,8003.23
1108,2020-04-16,1,797.54,2799.55,7659.7,23537.68,7981.93
1109,2020-04-17,1,823.98,2874.56,7896.55,24242.49,8233.81
1110,2020-04-18,0,823.98,2874.56,7896.55,24242.49,8233.81
1111,2020-04-19,0,823.98,2874.56,7896.55,24242.49,8233.81
1112,2020-04-20,1,794.85,2823.16,7673.59,23650.44,7969.73
1113,2020-04-21,1,780.99,2736.56,7500.98,23018.88,7844.37
1114,2020-04-22,1,804.41,2799.31,7630.38,23475.82,7840.59
1115,2020-04-23,1,790.75,2797.8,7636.44,23515.26,7951.66
1116,2020-04-24,1,795.09,2836.74,7724.05,23775.27,8092.4
1117,2020-04-25,0,795.09,2836.74,7724.05,23775.27,8092.4
1118,2020-04-26,0,795.09,2836.74,7724.05,23775.27,8092.4
1119,2020-04-27,1,805.8,2878.48,7860.19,24133.78,8317.42
1120,2020-04-28,1,804.93,2863.39,7871.68,24101.55,8407.32
1121,2020-04-29,1,798.48,2939.51,8008.44,24633.86,8628.62
1122,2020-04-30,1,778.29,2912.43,7862.52,24345.72,8377.08
1123,2020-05-01,1,759.08,2830.71,7658.99,23723.69,8144.86
1124,2020-05-02,0,759.08,2830.71,7658.99,23723.69,8144.86
1125,2020-05-03,0,759.08,2830.71,7658.99,23723.69,8144.86
1126,2020-05-04,1,767.37,2842.74,7644.19,23749.76,7980.96
1127,2020-05-05,1,773.21,2868.44,7694.53,23883.09,8047.3
1128,2020-05-06,1,746.35,2848.42,7578.68,23664.64,7931.83
1129,2020-05-07,1,751.97,2881.19,7654.66,23875.89,8050.59
1130,2020-05-08,1,764.11,2929.8,7824.07,24331.32,8332.5
1131,2020-05-09,0,764.11,2929.8,7824.07,24331.32,8332.5
1132,2020-05-10,0,764.11,2929.8,7824.07,24331.32,8332.5
1133,2020-05-11,1,761.83,2930.32,7778.02,24221.99,8234.18
1134,2020-05-12,1,753.3,2870.12,7625.26,23764.78,8000.55
1135,2020-05-13,1,747.54,2820.0,7478.46,23247.97,7823.8
1136,2020-05-14,1,754.78,2852.5,7571.68,23625.34,7861.34
1137,2020-05-15,1,744.49,2863.7,7542.66,23685.42,7761.0
1138,2020-05-16,0,744.49,2863.7,7542.66,23685.42,7761.0
1139,2020-05-17,0,744.49,2863.7,7542.66,23685.42,7761.0
1140,2020-05-18,1,773.18,2953.91,7889.39,24597.37,8322.86
1141,2020-05-19,1,761.4,2922.94,7773.22,24206.86,8228.93
1142,2020-05-20,1,761.59,2971.61,7899.45,24575.9,8488.98
1143,2020-05-21,1,754.02,2948.51,7858.37,24474.12,8452.85
1144,2020-05-22,1,763.93,2955.45,7878.64,24465.16,8470.09
1145,2020-05-23,0,763.93,2955.45,7878.64,24465.16,8470.09
1146,2020-05-24,0,763.93,2955.45,7878.64,24465.16,8470.09
1147,2020-05-25,0,763.93,2955.45,7878.64,24465.16,8470.09
1148,2020-05-26,1,769.03,2991.77,8079.96,24995.11,8895.61
1149,2020-05-27,1,777.69,3036.13,8255.95,25548.27,9151.39
1150,2020-05-28,1,800.8,3029.73,8239.27,25400.64,9005.43
1151,2020-05-29,1,806.92,3044.31,8239.6,25383.11,8969.79
1152,2020-05-30,0,806.92,3044.31,8239.6,25383.11,8969.79
1153,2020-05-31,0,806.92,3044.31,8239.6,25383.11,8969.79
1154,2020-06-01,1,815.33,3055.73,8271.8,25475.02,8965.91
1155,2020-06-02,1,820.4,3080.82,8368.23,25742.65,9134.88
1156,2020-06-03,1,831.27,3122.87,8554.09,26269.89,9440.77
1157,2020-06-04,1,814.06,3112.35,8553.37,26281.82,9575.25
1158,2020-06-05,1,826.52,3193.93,8797.87,27110.98,9872.96
1159,2020-06-06,0,826.52,3193.93,8797.87,27110.98,9872.96
1160,2020-06-07,0,826.52,3193.93,8797.87,27110.98,9872.96
1161,2020-06-08,1,847.26,3232.39,8962.47,27572.44,10052.85
1162,2020-06-09,1,830.34,3207.18,8825.49,27272.3,9825.57
1163,2020-06-10,1,824.72,3190.14,8708.66,26989.99,9579.07
1164,2020-06-11,1,793.23,3002.1,8137.92,25128.17,8839.36
1165,2020-06-12,1,793.0,3041.31,8280.24,25605.54,9081.9
1166,2020-06-13,0,793.0,3041.31,8280.24,25605.54,9081.9
1167,2020-06-14,0,793.0,3041.31,8280.24,25605.54,9081.9
1168,2020-06-15,1,799.76,3066.59,8339.43,25763.16,9160.08
1169,2020-06-16,1,802.37,3124.74,8465.82,26289.98,9259.63
1170,2020-06-17,1,800.36,3113.49,8425.29,26119.61,9239.09
1171,2020-06-18,1,798.74,3115.34,8408.05,26080.1,9207.63
1172,2020-06-19,1,770.61,3097.74,8288.65,25871.46,9077.75
1173,2020-06-20,0,770.61,3097.74,8288.65,25871.46,9077.75
1174,2020-06-21,0,770.61,3097.74,8288.65,25871.46,9077.75
1175,2020-06-22,1,780.42,3117.86,8332.6,26024.96,9061.98
1176,2020-06-23,1,773.47,3131.29,8370.31,26156.1,9181.57
1177,2020-06-24,1,767.6,3050.33,8163.9,25445.94,8899.24
1178,2020-06-25,1,757.34,3083.76,8223.63,25745.6,9000.3
1179,2020-06-26,1,749.4,3009.05,8028.39,25015.55,8805.74
1180,2020-06-27,0,749.4,3009.05,8028.39,25015.55,8805.74
1181,2020-06-28,0,749.4,3009.05,8028.39,25015.55,8805.74
1182,2020-06-29,1,764.39,3053.24,8219.33,25595.8,9052.64
1183,2020-06-30,1,767.5,3100.29,8292.07,25812.88,9172.72
1184,2020-07-01,1,785.15,3115.86,8305.59,25734.97,9153.01
1185,2020-07-02,1,786.89,3130.01,8344.08,25827.36,9235.7
1186,2020-07-03,0,786.89,3130.01,8344.08,25827.36,9235.7
1187,2020-07-04,0,786.89,3130.01,8344.08,25827.36,9235.7
1188,2020-07-05,0,786.89,3130.01,8344.08,25827.36,9235.7
1189,2020-07-06,1,779.03,3179.72,8449.43,26287.03,9386.94
1190,2020-07-07,1,775.59,3145.32,8344.36,25890.18,9278.61
1191,2020-07-08,1,783.15,3169.94,8401.4,26067.28,9322.43
1192,2020-07-09,1,774.23,3152.05,8277.25,25706.09,9140.43
1193,2020-07-10,1,791.35,3185.04,8415.93,26075.3,9312.48
1194,2020-07-11,0,791.35,3185.04,8415.93,26075.3,9312.48
1195,2020-07-12,0,791.35,3185.04,8415.93,26075.3,9312.48
1196,2020-07-13,1,791.24,3155.22,8416.33,26085.8,9305.95
1197,2020-07-14,1,799.91,3197.52,8572.4,26642.59,9465.24
1198,2020-07-15,1,796.47,3226.56,8667.57,26870.1,9737.44
1199,2020-07-16,1,809.52,3215.57,8677.43,26734.71,9791.39
1200,2020-07-17,1,828.6,3224.73,8723.95,26671.95,9900.09
1201,2020-07-18,0,828.6,3224.73,8723.95,26671.95,9900.09
1202,2020-07-19,0,828.6,3224.73,8723.95,26671.95,9900.09
1203,2020-07-20,1,817.04,3251.84,8671.17,26680.87,9745.13
1204,2020-07-21,1,820.47,3257.3,8721.8,26840.4,9810.31
1205,2020-07-22,1,829.5,3276.02,8767.16,27005.84,9797.25
1206,2020-07-23,1,830.7,3235.66,8694.92,26652.33,9763.69
1207,2020-07-24,1,825.74,3215.63,8643.85,26469.89,9730.12
1208,2020-07-25,0,825.74,3215.63,8643.85,26469.89,9730.12
1209,2020-07-26,0,825.74,3215.63,8643.85,26469.89,9730.12
1210,2020-07-27,1,813.02,3239.41,8660.92,26584.77,9817.42
1211,2020-07-28,1,825.47,3218.44,8618.93,26379.28,9696.55
1212,2020-07-29,1,828.96,3258.44,8700.77,26539.57,9906.38
1213,2020-07-30,1,828.13,3246.22,8656.46,26313.65,9907.48
1214,2020-07-31,1,830.77,3271.12,8701.84,26428.32,9994.81
1215,2020-08-01,0,830.77,3271.12,8701.84,26428.32,9994.81
1216,2020-08-02,0,830.77,3271.12,8701.84,26428.32,9994.81
1217,2020-08-03,1,822.34,3294.61,8734.84,26664.4,10011.72
1218,2020-08-04,1,832.49,3306.51,8800.84,26828.47,10086.66
1219,2020-08-05,1,825.37,3327.77,8886.24,27201.52,10215.41
1220,2020-08-06,1,828.87,3349.16,8952.74,27386.98,10331.09
1221,2020-08-07,1,843.23,3351.28,9040.58,27433.48,10576.38
1222,2020-08-08,0,843.23,3351.28,9040.58,27433.48,10576.38
1223,2020-08-09,0,843.23,3351.28,9040.58,27433.48,10576.38
1224,2020-08-10,1,841.03,3360.47,9166.38,27791.44,10864.94
1225,2020-08-11,1,821.99,3333.69,9116.6,27686.91,10889.53
1226,2020-08-12,1,836.74,3380.35,9208.97,27976.84,10936.1
1227,2020-08-13,1,834.39,3373.43,9178.77,27896.72,10886.48
1228,2020-08-14,1,824.87,3372.85,9183.35,27931.02,10959.54
1229,2020-08-15,0,824.87,3372.85,9183.35,27931.02,10959.54
1230,2020-08-16,0,824.87,3372.85,9183.35,27931.02,10959.54
1231,2020-08-17,1,823.96,3381.99,9163.87,27844.91,10952.94
1232,2020-08-18,1,820.37,3389.78,9125.74,27778.07,10865.12
1233,2020-08-19,1,817.16,3374.85,9107.45,27692.88,10883.12
1234,2020-08-20,1,810.59,3385.51,9106.56,27739.73,10893.93
1235,2020-08-21,1,809.61,3397.16,9151.03,27930.33,10940.68
1236,2020-08-22,0,809.61,3397.16,9151.03,27930.33,10940.68
1237,2020-08-23,0,809.61,3397.16,9151.03,27930.33,10940.68
1238,2020-08-24,1,817.71,3431.28,9282.43,28308.46,11148.61
1239,2020-08-25,1,810.8,3443.62,9253.63,28248.44,11127.01
1240,2020-08-26,1,798.89,3478.73,9247.44,28331.92,11126.55
1241,2020-08-27,1,800.69,3484.55,9298.2,28492.27,11205.61
1242,2020-08-28,1,800.73,3508.01,9353.92,28653.87,11322.0
1243,2020-08-29,0,800.73,3508.01,9353.92,28653.87,11322.0
1244,2020-08-30,0,800.73,3508.01,9353.92,28653.87,11322.0
1245,2020-08-31,1,803.22,3500.31,9286.56,28430.05,11185.35
1246,2020-09-01,1,794.08,3526.65,9339.25,28645.66,11316.69
1247,2020-09-02,1,818.68,3580.84,9499.77,29100.5,11451.51
1248,2020-09-03,1,808.12,3455.06,9265.28,28292.73,11168.57
1249,2020-09-04,1,803.7,3426.96,9238.33,28133.31,11225.51
1250,2020-09-05,0,803.7,3426.96,9238.33,28133.31,11225.51
1251,2020-09-06,0,803.7,3426.96,9238.33,28133.31,11225.51
1252,2020-09-07,0,803.7,3426.96,9238.33,28133.31,11225.51
1253,2020-09-08,1,798.63,3331.84,9076.56,27500.89,11080.87
1254,2020-09-09,1,809.51,3398.96,9215.53,27940.47,11244.98
1255,2020-09-10,1,796.34,3339.19,9099.44,27534.58,11178.97
1256,2020-09-11,1,799.93,3340.97,9152.92,27665.64,11282.64
1257,2020-09-12,0,799.93,3340.97,9152.92,27665.64,11282.64
1258,2020-09-13,0,799.93,3340.97,9152.92,27665.64,11282.64
1259,2020-09-14,1,810.94,3383.54,9256.7,27993.33,11380.84
1260,2020-09-15,1,818.68,3401.2,9291.14,27995.6,11476.96
1261,2020-09-16,1,814.51,3385.49,9307.08,28032.38,11555.14
1262,2020-09-17,1,810.81,3357.01,9274.59,27901.98,11552.36
1263,2020-09-18,1,797.95,3319.47,9178.93,27657.42,11431.92
1264,2020-09-19,0,797.95,3319.47,9178.93,27657.42,11431.92
1265,2020-09-20,0,797.95,3319.47,9178.93,27657.42,11431.92
1266,2020-09-21,1,793.72,3281.06,9009.48,27147.7,11129.51
1267,2020-09-22,1,799.37,3315.57,9064.7,27288.18,11215.01
1268,2020-09-23,1,785.16,3236.92,8912.4,26763.13,11095.09
1269,2020-09-24,1,795.93,3246.59,8946.61,26815.44,11117.48
1270,2020-09-25,1,808.13,3298.46,9069.85,27173.96,11270.0
1271,2020-09-26,0,808.13,3298.46,9069.85,27173.96,11270.0
1272,2020-09-27,0,808.13,3298.46,9069.85,27173.96,11270.0
1273,2020-09-28,1,810.2,3351.6,9188.66,27584.06,11440.95
1274,2020-09-29,1,808.99,3335.47,9131.83,27452.66,11301.01
1275,2020-09-30,1,814.7,3363.0,9190.95,27781.7,11229.72
1276,2020-10-01,1,824.27,3380.8,9211.11,27816.9,11211.11
1277,2020-10-02,1,832.49,3348.44,9217.9,27682.81,11297.1
1278,2020-10-03,0,832.49,3348.44,9217.9,27682.81,11297.1
1279,2020-10-04,0,832.49,3348.44,9217.9,27682.81,11297.1
1280,2020-10-05,1,844.57,3408.63,9368.48,28148.64,11482.09
1281,2020-10-06,1,850.89,3360.95,9289.77,27772.76,11399.14
1282,2020-10-07,1,859.99,3419.45,9469.63,28303.46,11690.02
1283,2020-10-08,1,875.3,3446.83,9535.99,28425.51,11762.56
1284,2020-10-09,1,875.81,3477.13,9588.9,28586.9,11861.95
1285,2020-10-10,0,875.81,3477.13,9588.9,28586.9,11861.95
1286,2020-10-11,0,875.81,3477.13,9588.9,28586.9,11861.95
1287,2020-10-12,1,882.82,3534.22,9653.91,28837.52,11880.44
1288,2020-10-13,1,876.05,3511.93,9590.89,28679.81,11783.22
1289,2020-10-14,1,875.19,3488.67,9579.0,28514.0,11887.49
1290,2020-10-15,1,875.22,3483.34,9596.37,28494.2,11988.83
1291,2020-10-16,1,884.52,3483.81,9603.02,28606.31,11836.43
1292,2020-10-17,0,884.52,3483.81,9603.02,28606.31,11836.43
1293,2020-10-18,0,884.52,3483.81,9603.02,28606.31,11836.43
1294,2020-10-19,1,877.6,3426.92,9484.21,28195.42,11708.09
1295,2020-10-20,1,881.15,3443.12,9544.31,28308.79,11860.3
1296,2020-10-21,1,877.1,3435.56,9489.82,28210.82,11725.02
1297,2020-10-22,1,891.28,3453.49,9549.86,28363.66,11748.55
1298,2020-10-23,1,893.68,3465.39,9576.2,28335.57,11880.13
1299,2020-10-24,0,893.68,3465.39,9576.2,28335.57,11880.13
1300,2020-10-25,0,893.68,3465.39,9576.2,28335.57,11880.13
1301,2020-10-26,1,891.98,3400.97,9389.79,27685.38,11604.82
1302,2020-10-27,1,890.68,3390.68,9307.29,27463.19,11431.61
1303,2020-10-28,1,865.33,3271.03,8976.63,26519.95,10945.62
1304,2020-10-29,1,867.65,3310.11,9058.22,26659.11,11183.52
1305,2020-10-30,1,857.77,3269.96,8994.36,26501.6,11106.19
1306,2020-10-31,0,857.77,3269.96,8994.36,26501.6,11106.19
1307,2020-11-01,0,857.77,3269.96,8994.36,26501.6,11106.19
1308,2020-11-02,1,876.56,3310.24,9132.36,26925.05,11216.42
1309,2020-11-03,1,889.78,3369.02,9336.27,27480.03,11559.96
1310,2020-11-04,1,877.69,3443.44,9352.63,27847.66,11391.91
1311,2020-11-05,1,885.44,3510.45,9530.97,28390.18,11669.58
1312,2020-11-06,1,881.76,3509.44,9500.04,28323.4,11614.65
1313,2020-11-07,0,881.76,3509.44,9500.04,28323.4,11614.65
1314,2020-11-08,0,881.76,3509.44,9500.04,28323.4,11614.65
1315,2020-11-09,1,898.85,3550.5,9753.13,29157.97,11900.46
1316,2020-11-10,1,916.18,3545.53,9875.34,29420.92,12096.55
1317,2020-11-11,1,917.19,3572.66,9853.43,29397.63,12006.71
1318,2020-11-12,1,902.1,3537.01,9730.23,29080.17,11838.75
1319,2020-11-13,1,910.91,3585.15,9875.68,29479.81,12085.32
1320,2020-11-14,0,910.91,3585.15,9875.68,29479.81,12085.32
1321,2020-11-15,0,910.91,3585.15,9875.68,29479.81,12085.32
1322,2020-11-16,1,917.38,3626.91,10044.34,29950.44,12394.02
1323,2020-11-17,1,899.01,3609.53,9989.4,29783.35,12434.97
1324,2020-11-18,1,881.37,3567.79,9873.75,29438.42,12348.31
1325,2020-11-19,1,872.94,3581.87,9868.93,29483.23,12350.75
1326,2020-11-20,1,873.29,3557.54,9801.24,29263.48,12232.1
1327,2020-11-21,0,873.29,3557.54,9801.24,29263.48,12232.1
1328,2020-11-22,0,873.29,3557.54,9801.24,29263.48,12232.1
1329,2020-11-23,1,873.01,3577.59,9905.81,29591.27,12424.11
1330,2020-11-24,1,882.62,3635.41,10072.95,30046.24,12715.38
1331,2020-11-25,1,880.98,3629.65,10016.17,29872.47,12621.42
1332,2020-11-26,0,880.98,3629.65,10016.17,29872.47,12621.42
1333,2020-11-27,1,873.18,3638.35,9997.83,29910.37,12561.43
1334,2020-11-28,0,873.18,3638.35,9997.83,29910.37,12561.43
1335,2020-11-29,0,873.18,3638.35,9997.83,29910.37,12561.43
1336,2020-11-30,1,861.74,3621.63,9901.74,29638.64,12450.17
1337,2020-12-01,1,868.25,3662.45,9958.26,29823.92,12493.74
1338,2020-12-02,1,874.66,3669.01,9991.95,29883.79,12546.54
1339,2020-12-03,1,866.89,3666.72,10004.29,29969.52,12586.82
1340,2020-12-04,1,856.13,3699.12,10067.98,30218.26,12742.08
1341,2020-12-05,0,856.13,3699.12,10067.98,30218.26,12742.08
1342,2020-12-06,0,856.13,3699.12,10067.98,30218.26,12742.08
1343,2020-12-07,1,859.85,3691.96,10041.5,30069.79,12725.21
1344,2020-12-08,1,858.36,3702.25,10070.41,30173.88,12777.05
1345,2020-12-09,1,856.76,3672.82,10052.59,30068.81,12803.02
1346,2020-12-10,1,854.06,3668.1,10010.3,29999.26,12689.17
1347,2020-12-11,1,855.1,3663.46,10017.75,30046.37,12672.38
1348,2020-12-12,0,855.1,3663.46,10017.75,30046.37,12672.38
1349,2020-12-13,0,855.1,3663.46,10017.75,30046.37,12672.38
1350,2020-12-14,1,852.81,3647.49,9916.33,29861.55,12382.97
1351,2020-12-15,1,871.54,3694.62,10035.91,30199.31,12486.18
1352,2020-12-16,1,859.59,3701.17,10009.58,30154.54,12497.95
1353,2020-12-17,1,866.78,3722.48,10080.77,30303.37,12639.18
1354,2020-12-18,1,857.26,3709.41,10024.91,30179.05,12566.07
1355,2020-12-19,0,857.26,3709.41,10024.91,30179.05,12566.07
1356,2020-12-20,0,857.26,3709.41,10024.91,30179.05,12566.07
1357,2020-12-21,1,844.96,3694.92,9994.59,30216.45,12485.53
1358,2020-12-22,1,842.22,3687.26,9945.09,30015.51,12459.81
1359,2020-12-23,1,840.18,3690.01,9976.14,30129.83,12516.57
1360,2020-12-24,1,845.97,3703.06,10000.95,30199.87,12522.92
1361,2020-12-25,0,845.97,3703.06,10000.95,30199.87,12522.92
1362,2020-12-26,0,845.97,3703.06,10000.95,30199.87,12522.92
1363,2020-12-27,0,845.97,3703.06,10000.95,30199.87,12522.92
1364,2020-12-28,1,849.55,3735.36,10047.26,30403.97,12524.02
1365,2020-12-29,1,848.89,3727.04,10012.73,30335.67,12429.48
1366,2020-12-30,1,850.59,3732.04,10036.39,30409.56,12459.23
1367,2020-12-31,1,864.64,3756.07,10108.71,30606.48,12506.93
1368,2021-01-01,0,864.64,3756.07,10108.71,30606.48,12506.93
1369,2021-01-02,0,864.64,3756.07,10108.71,30606.48,12506.93
1370,2021-01-03,0,864.64,3756.07,10108.71,30606.48,12506.93
1371,2021-01-04,1,843.0,3700.65,9938.66,30223.89,12230.03
1372,2021-01-05,1,842.21,3726.86,9997.64,30391.6,12359.23
1373,2021-01-06,1,857.58,3748.14,10182.87,30829.4,12706.32
1374,2021-01-07,1,844.03,3803.79,10223.99,31041.13,12811.39
1375,2021-01-08,1,851.28,3824.68,10260.92,31097.97,12875.66
1376,2021-01-09,0,851.28,3824.68,10260.92,31097.97,12875.66
1377,2021-01-10,0,851.28,3824.68,10260.92,31097.97,12875.66
1378,2021-01-11,1,843.31,3799.61,10228.73,31008.69,12869.55
1379,2021-01-12,1,839.33,3801.19,10272.4,31068.69,13051.78
1380,2021-01-13,1,855.74,3809.84,10281.37,31060.47,12971.81
1381,2021-01-14,1,851.26,3795.54,10290.21,30991.52,13113.11
1382,2021-01-15,1,861.09,3768.25,10236.57,30814.26,12946.28
1383,2021-01-16,0,861.09,3768.25,10236.57,30814.26,12946.28
1384,2021-01-17,0,861.09,3768.25,10236.57,30814.26,12946.28
1385,2021-01-18,0,861.09,3768.25,10236.57,30814.26,12946.28
1386,2021-01-19,1,857.45,3798.91,10243.54,30930.52,12900.15
1387,2021-01-20,1,864.72,3851.85,10354.18,31188.38,13126.0
1388,2021-01-21,1,857.9,3853.07,10292.29,31176.01,12899.06
1389,2021-01-22,1,857.94,3841.47,10248.19,30996.98,12856.54
1390,2021-01-23,0,857.94,3841.47,10248.19,30996.98,12856.54
1391,2021-01-24,0,857.94,3841.47,10248.19,30996.98,12856.54
1392,2021-01-25,1,872.17,3855.36,10263.35,30960.0,12849.82
1393,2021-01-26,1,864.41,3849.62,10202.13,30937.04,12643.27
1394,2021-01-27,1,844.37,3750.77,9966.52,30303.17,12277.04
1395,2021-01-28,1,853.22,3787.38,10067.4,30603.36,12404.96
1396,2021-01-29,1,852.4,3714.24,9877.01,29982.62,12087.99
1397,2021-01-30,0,852.4,3714.24,9877.01,29982.62,12087.99
1398,2021-01-31,0,852.4,3714.24,9877.01,29982.62,12087.99
1399,2021-02-01,1,856.58,3773.86,9963.34,30211.91,12250.0
1400,2021-02-02,1,863.32,3826.31,10125.83,30687.48,12522.98
1401,2021-02-03,1,860.3,3830.17,10128.83,30723.6,12527.57
1402,2021-02-04,1,867.61,3871.74,10244.48,31055.86,12707.72
1403,2021-02-05,1,872.25,3886.83,10287.5,31148.24,12788.51
1404,2021-02-06,0,872.25,3886.83,10287.5,31148.24,12788.51
1405,2021-02-07,0,872.25,3886.83,10287.5,31148.24,12788.51
1406,2021-02-08,1,865.41,3915.59,10340.99,31385.76,12874.92
1407,2021-02-09,1,866.03,3911.23,10358.05,31375.83,12959.9
1408,2021-02-10,1,871.21,3909.88,10377.77,31437.8,12954.53
1409,2021-02-11,1,864.79,3916.38,10365.44,31430.7,12953.73
1410,2021-02-12,1,857.1,3934.83,10404.83,31458.4,13175.09
1411,2021-02-13,0,857.1,3934.83,10404.83,31458.4,13175.09
1412,2021-02-14,0,857.1,3934.83,10404.83,31458.4,13175.09
1413,2021-02-15,0,857.1,3934.83,10404.83,31458.4,13175.09
1414,2021-02-16,1,851.2,3932.59,10408.78,31522.75,13180.74
1415,2021-02-17,1,853.06,3931.33,10412.33,31613.02,13098.94
1416,2021-02-18,1,857.98,3913.97,10386.65,31493.34,13049.7
1417,2021-02-19,1,846.51,3906.71,10415.12,31494.32,13274.21
1418,2021-02-20,0,846.51,3906.71,10415.12,31494.32,13274.21
1419,2021-02-21,0,846.51,3906.71,10415.12,31494.32,13274.21
1420,2021-02-22,1,830.38,3876.5,10416.13,31521.69,13381.42
1421,2021-02-23,1,835.85,3881.37,10432.98,31537.35,13403.11
1422,2021-02-24,1,825.65,3925.43,10547.4,31961.86,13630.55
1423,2021-02-25,1,814.39,3829.34,10363.89,31402.01,13372.26
1424,2021-02-26,1,795.61,3811.15,10231.46,30932.37,13331.27
1425,2021-02-27,0,795.61,3811.15,10231.46,30932.37,13331.27
1426,2021-02-28,0,795.61,3811.15,10231.46,30932.37,13331.27
1427,2021-03-01,1,810.38,3901.82,10435.4,31535.51,13618.09
1428,2021-03-02,1,806.08,3870.29,10390.16,31391.52,13571.99
1429,2021-03-03,1,798.59,3819.72,10348.77,31270.09,13548.44
1430,2021-03-04,1,800.17,3768.47,10213.87,30924.14,13219.66
1431,2021-03-05,1,814.03,3841.94,10435.92,31496.3,13627.98
1432,2021-03-06,0,814.03,3841.94,10435.92,31496.3,13627.98
1433,2021-03-07,0,814.03,3841.94,10435.92,31496.3,13627.98
1434,2021-03-08,1,823.45,3821.35,10531.44,31802.44,13720.6
1435,2021-03-09,1,830.93,3875.44,10563.94,31832.74,13786.82
