,Date,Stock Price,Stock Price Present
0,2017-03-08,81.03,1
1,2017-03-09,81.67,1
2,2017-03-10,81.61,1
3,2017-03-11,81.61,0
4,2017-03-12,81.61,0
5,2017-03-13,81.42,1
6,2017-03-14,80.99,1
7,2017-03-15,82.0,1
8,2017-03-16,82.07,1
9,2017-03-17,82.0,1
10,2017-03-18,82.0,0
11,2017-03-19,82.0,0
12,2017-03-20,82.0,1
13,2017-03-21,81.83,1
14,2017-03-22,81.76,1
15,2017-03-23,81.86,1
16,2017-03-24,81.23,1
17,2017-03-25,81.23,0
18,2017-03-26,81.23,0
19,2017-03-27,81.25,1
20,2017-03-28,81.84,1
21,2017-03-29,82.02,1
22,2017-03-30,83.7,1
23,2017-03-31,82.01,1
24,2017-04-01,82.01,0
25,2017-04-02,82.01,0
26,2017-04-03,82.07,1
27,2017-04-04,82.37,1
28,2017-04-05,82.53,1
29,2017-04-06,83.01,1
30,2017-04-07,82.76,1
31,2017-04-08,82.76,0
32,2017-04-09,82.76,0
33,2017-04-10,83.13,1
34,2017-04-11,82.84,1
35,2017-04-12,82.97,1
36,2017-04-13,81.69,1
37,2017-04-14,81.69,0
38,2017-04-15,81.69,0
39,2017-04-16,81.69,0
40,2017-04-17,81.58,1
41,2017-04-18,81.05,1
42,2017-04-19,80.49,1
43,2017-04-20,81.01,1
44,2017-04-21,80.69,1
45,2017-04-22,80.69,0
46,2017-04-23,80.69,0
47,2017-04-24,81.11,1
48,2017-04-25,81.73,1
49,2017-04-26,81.4,1
50,2017-04-27,81.26,1
51,2017-04-28,81.65,1
52,2017-04-29,81.65,0
53,2017-04-30,81.65,0
54,2017-05-01,82.06,1
55,2017-05-02,82.05,1
56,2017-05-03,82.7,1
57,2017-05-04,81.64,1
58,2017-05-05,82.02,1
59,2017-05-06,82.02,0
60,2017-05-07,82.02,0
61,2017-05-08,82.89,1
62,2017-05-09,82.31,1
63,2017-05-10,81.91,1
64,2017-05-11,82.61,1
65,2017-05-12,82.55,1
66,2017-05-13,82.55,0
67,2017-05-14,82.55,0
68,2017-05-15,82.8,1
69,2017-05-16,82.55,1
70,2017-05-17,81.99,1
71,2017-05-18,81.75,1
72,2017-05-19,81.93,1
73,2017-05-20,81.93,0
74,2017-05-21,81.93,0
75,2017-05-22,82.29,1
76,2017-05-23,82.58,1
77,2017-05-24,82.29,1
78,2017-05-25,81.75,1
79,2017-05-26,81.55,1
80,2017-05-27,81.55,0
81,2017-05-28,81.55,0
82,2017-05-29,81.55,0
83,2017-05-30,81.1,1
84,2017-05-31,80.5,1
85,2017-06-01,80.7,1
86,2017-06-02,79.5,1
87,2017-06-03,79.5,0
88,2017-06-04,79.5,0
89,2017-06-05,80.12,1
90,2017-06-06,81.21,1
91,2017-06-07,80.91,1
92,2017-06-08,80.62,1
93,2017-06-09,82.13,1
94,2017-06-10,82.13,0
95,2017-06-11,82.13,0
96,2017-06-12,82.93,1
97,2017-06-13,82.96,1
98,2017-06-14,82.07,1
99,2017-06-15,82.26,1
100,2017-06-16,83.49,1
101,2017-06-17,83.49,0
102,2017-06-18,83.49,0
103,2017-06-19,82.76,1
104,2017-06-20,82.31,1
105,2017-06-21,81.44,1
106,2017-06-22,81.08,1
107,2017-06-23,81.61,1
108,2017-06-24,81.61,0
109,2017-06-25,81.61,0
110,2017-06-26,81.24,1
111,2017-06-27,81.11,1
112,2017-06-28,81.53,1
113,2017-06-29,80.7,1
114,2017-06-30,80.73,1
115,2017-07-01,80.73,0
116,2017-07-02,80.73,0
117,2017-07-03,82.1,1
118,2017-07-04,82.1,0
119,2017-07-05,80.85,1
120,2017-07-06,80.12,1
121,2017-07-07,80.22,1
122,2017-07-08,80.22,0
123,2017-07-09,80.22,0
124,2017-07-10,80.16,1
125,2017-07-11,80.6,1
126,2017-07-12,80.96,1
127,2017-07-13,80.97,1
128,2017-07-14,81.28,1
129,2017-07-15,81.28,0
130,2017-07-16,81.28,0
131,2017-07-17,80.86,1
132,2017-07-18,80.6,1
133,2017-07-19,80.85,1
134,2017-07-20,80.86,1
135,2017-07-21,80.12,1
136,2017-07-22,80.12,0
137,2017-07-23,80.12,0
138,2017-07-24,79.87,1
139,2017-07-25,80.27,1
140,2017-07-26,80.37,1
141,2017-07-27,80.83,1
142,2017-07-28,79.6,1
143,2017-07-29,79.6,0
144,2017-07-30,79.6,0
145,2017-07-31,80.04,1
146,2017-08-01,80.17,1
147,2017-08-02,80.6,1
148,2017-08-03,80.49,1
149,2017-08-04,80.21,1
150,2017-08-05,80.21,0
151,2017-08-06,80.21,0
152,2017-08-07,80.16,1
153,2017-08-08,79.96,1
154,2017-08-09,80.21,1
155,2017-08-10,78.97,1
156,2017-08-11,78.21,1
157,2017-08-12,78.21,0
158,2017-08-13,78.21,0
159,2017-08-14,78.23,1
160,2017-08-15,78.04,1
161,2017-08-16,77.47,1
162,2017-08-17,76.26,1
163,2017-08-18,76.64,1
164,2017-08-19,76.64,0
165,2017-08-20,76.64,0
166,2017-08-21,76.38,1
167,2017-08-22,76.74,1
168,2017-08-23,76.61,1
169,2017-08-24,76.33,1
170,2017-08-25,76.72,1
171,2017-08-26,76.72,0
172,2017-08-27,76.72,0
173,2017-08-28,76.47,1
174,2017-08-29,76.45,1
175,2017-08-30,76.1,1
176,2017-08-31,76.33,1
177,2017-09-01,76.57,1
178,2017-09-02,76.57,0
179,2017-09-03,76.57,0
180,2017-09-04,76.57,0
181,2017-09-05,77.18,1
182,2017-09-06,78.78,1
183,2017-09-07,79.03,1
184,2017-09-08,78.82,1
185,2017-09-09,78.82,0
186,2017-09-10,78.82,0
187,2017-09-11,79.25,1
188,2017-09-12,79.5,1
189,2017-09-13,79.77,1
190,2017-09-14,80.09,1
191,2017-09-15,80.07,1
192,2017-09-16,80.07,0
193,2017-09-17,80.07,0
194,2017-09-18,80.09,1
195,2017-09-19,80.22,1
196,2017-09-20,80.55,1
197,2017-09-21,79.89,1
198,2017-09-22,79.92,1
199,2017-09-23,79.92,0
200,2017-09-24,79.92,0
201,2017-09-25,80.98,1
202,2017-09-26,80.89,1
203,2017-09-27,81.43,1
204,2017-09-28,82.19,1
205,2017-09-29,81.98,1
206,2017-09-30,81.98,0
207,2017-10-01,81.98,0
208,2017-10-02,81.63,1
209,2017-10-03,81.76,1
210,2017-10-04,81.79,1
211,2017-10-05,82.02,1
212,2017-10-06,81.71,1
213,2017-10-07,81.71,0
214,2017-10-08,81.71,0
215,2017-10-09,82.03,1
216,2017-10-10,82.26,1
217,2017-10-11,82.6,1
218,2017-10-12,82.43,1
219,2017-10-13,82.41,1
220,2017-10-14,82.41,0
221,2017-10-15,82.41,0
222,2017-10-16,82.81,1
223,2017-10-17,82.96,1
224,2017-10-18,82.76,1
225,2017-10-19,82.74,1
226,2017-10-20,83.11,1
227,2017-10-21,83.11,0
228,2017-10-22,83.11,0
229,2017-10-23,83.24,1
230,2017-10-24,83.47,1
231,2017-10-25,83.17,1
232,2017-10-26,83.47,1
233,2017-10-27,83.71,1
234,2017-10-28,83.71,0
235,2017-10-29,83.71,0
236,2017-10-30,83.54,1
237,2017-10-31,83.35,1
238,2017-11-01,83.87,1
239,2017-11-02,83.53,1
240,2017-11-03,83.18,1
241,2017-11-04,83.18,0
242,2017-11-05,83.18,0
243,2017-11-06,83.75,1
244,2017-11-07,83.58,1
245,2017-11-08,83.47,1
246,2017-11-09,83.97,1
247,2017-11-10,82.94,1
248,2017-11-11,82.94,0
249,2017-11-12,82.94,0
250,2017-11-13,82.89,1
251,2017-11-14,82.24,1
252,2017-11-15,81.21,1
253,2017-11-16,80.56,1
254,2017-11-17,80.24,1
255,2017-11-18,80.24,0
256,2017-11-19,80.24,0
257,2017-11-20,80.55,1
258,2017-11-21,80.87,1
259,2017-11-22,81.1,1
260,2017-11-23,81.1,0
261,2017-11-24,81.42,1
262,2017-11-25,81.42,0
263,2017-11-26,81.42,0
264,2017-11-27,81.11,1
265,2017-11-28,81.67,1
266,2017-11-29,82.27,1
267,2017-11-30,83.29,1
268,2017-12-01,83.46,1
269,2017-12-02,83.46,0
270,2017-12-03,83.46,0
271,2017-12-04,83.57,1
272,2017-12-05,82.89,1
273,2017-12-06,82.28,1
274,2017-12-07,82.55,1
275,2017-12-08,82.66,1
276,2017-12-09,82.66,0
277,2017-12-10,82.66,0
278,2017-12-11,83.03,1
279,2017-12-12,82.76,1
280,2017-12-13,83.12,1
281,2017-12-14,82.9,1
282,2017-12-15,83.03,1
283,2017-12-16,83.03,0
284,2017-12-17,83.03,0
285,2017-12-18,82.94,1
286,2017-12-19,82.44,1
287,2017-12-20,82.87,1
288,2017-12-21,83.85,1
289,2017-12-22,83.97,1
290,2017-12-23,83.97,0
291,2017-12-24,83.97,0
292,2017-12-25,83.97,0
293,2017-12-26,83.98,1
294,2017-12-27,83.9,1
295,2017-12-28,84.02,1
296,2017-12-29,83.64,1
297,2017-12-30,83.64,0
298,2017-12-31,83.64,0
299,2018-01-01,83.64,0
300,2018-01-02,85.03,1
301,2018-01-03,86.7,1
302,2018-01-04,86.82,1
303,2018-01-05,86.75,1
304,2018-01-06,86.75,0
305,2018-01-07,86.75,0
306,2018-01-08,87.14,1
307,2018-01-09,86.77,1
308,2018-01-10,86.08,1
309,2018-01-11,86.93,1
310,2018-01-12,87.52,1
311,2018-01-13,87.52,0
312,2018-01-14,87.52,0
313,2018-01-15,87.52,0
314,2018-01-16,86.97,1
315,2018-01-17,88.0,1
316,2018-01-18,87.43,1
317,2018-01-19,87.15,1
318,2018-01-20,87.15,0
319,2018-01-21,87.15,0
320,2018-01-22,88.25,1
321,2018-01-23,88.3,1
322,2018-01-24,88.53,1
323,2018-01-25,88.37,1
324,2018-01-26,89.0,1
325,2018-01-27,89.0,0
326,2018-01-28,89.0,0
327,2018-01-29,88.01,1
328,2018-01-30,86.78,1
329,2018-01-31,87.3,1
330,2018-02-01,89.07,1
331,2018-02-02,84.53,1
332,2018-02-03,84.53,0
333,2018-02-04,84.53,0
334,2018-02-05,79.72,1
335,2018-02-06,78.35,1
336,2018-02-07,76.94,1
337,2018-02-08,76.07,1
338,2018-02-09,75.78,1
339,2018-02-10,75.78,0
340,2018-02-11,75.78,0
341,2018-02-12,76.42,1
342,2018-02-13,76.3,1
343,2018-02-14,76.46,1
344,2018-02-15,76.21,1
345,2018-02-16,76.54,1
346,2018-02-17,76.54,0
347,2018-02-18,76.54,0
348,2018-02-19,76.54,0
349,2018-02-20,75.75,1
350,2018-02-21,74.89,1
351,2018-02-22,75.86,1
352,2018-02-23,77.53,1
353,2018-02-24,77.53,0
354,2018-02-25,77.53,0
355,2018-02-26,78.84,1
356,2018-02-27,77.5,1
357,2018-02-28,75.74,1
358,2018-03-01,75.2,1
359,2018-03-02,75.55,1
360,2018-03-03,75.55,0
361,2018-03-04,75.55,0
362,2018-03-05,76.27,1
363,2018-03-06,76.18,1
364,2018-03-07,74.26,1
365,2018-03-08,74.12,1
366,2018-03-09,74.56,1
367,2018-03-10,74.56,0
368,2018-03-11,74.56,0
369,2018-03-12,75.24,1
370,2018-03-13,74.53,1
371,2018-03-14,73.6,1
372,2018-03-15,74.42,1
373,2018-03-16,75.12,1
374,2018-03-17,75.12,0
375,2018-03-18,75.12,0
376,2018-03-19,74.15,1
377,2018-03-20,73.99,1
378,2018-03-21,75.04,1
379,2018-03-22,73.5,1
380,2018-03-23,72.89,1
381,2018-03-24,72.89,0
382,2018-03-25,72.89,0
383,2018-03-26,74.0,1
384,2018-03-27,73.7,1
385,2018-03-28,72.81,1
386,2018-03-29,74.61,1
387,2018-03-30,74.61,0
388,2018-03-31,74.61,0
389,2018-04-01,74.61,0
390,2018-04-02,73.22,1
391,2018-04-03,75.02,1
392,2018-04-04,74.87,1
393,2018-04-05,76.02,1
394,2018-04-06,74.87,1
395,2018-04-07,74.87,0
396,2018-04-08,74.87,0
397,2018-04-09,74.87,1
398,2018-04-10,77.07,1
399,2018-04-11,77.43,1
400,2018-04-12,77.22,1
401,2018-04-13,77.84,1
402,2018-04-14,77.84,0
403,2018-04-15,77.84,0
404,2018-04-16,78.54,1
405,2018-04-17,78.33,1
406,2018-04-18,79.22,1
407,2018-04-19,79.42,1
408,2018-04-20,79.0,1
409,2018-04-21,79.0,0
410,2018-04-22,79.0,0
411,2018-04-23,79.57,1
412,2018-04-24,78.35,1
413,2018-04-25,79.5,1
414,2018-04-26,80.86,1
415,2018-04-27,77.79,1
416,2018-04-28,77.79,0
417,2018-04-29,77.79,0
418,2018-04-30,77.75,1
419,2018-05-01,76.95,1
420,2018-05-02,76.8,1
421,2018-05-03,76.54,1
422,2018-05-04,76.9,1
423,2018-05-05,76.9,0
424,2018-05-06,76.9,0
425,2018-05-07,77.74,1
426,2018-05-08,78.09,1
427,2018-05-09,79.93,1
428,2018-05-10,81.72,1
429,2018-05-11,81.28,1
430,2018-05-12,81.28,0
431,2018-05-13,81.28,0
432,2018-05-14,81.83,1
433,2018-05-15,81.79,1
434,2018-05-16,82.02,1
435,2018-05-17,81.88,1
436,2018-05-18,81.3,1
437,2018-05-19,81.3,0
438,2018-05-20,81.3,0
439,2018-05-21,82.28,1
440,2018-05-22,81.64,1
441,2018-05-23,82.15,1
442,2018-05-24,80.27,1
443,2018-05-25,78.71,1
444,2018-05-26,78.71,0
445,2018-05-27,78.71,0
446,2018-05-28,78.71,0
447,2018-05-29,78.42,1
448,2018-05-30,81.5,1
449,2018-05-31,81.24,1
450,2018-06-01,81.83,1
451,2018-06-02,81.83,0
452,2018-06-03,81.83,0
453,2018-06-04,80.97,1
454,2018-06-05,80.68,1
455,2018-06-06,82.06,1
456,2018-06-07,82.88,1
457,2018-06-08,83.6,1
458,2018-06-09,83.6,0
459,2018-06-10,83.6,0
460,2018-06-11,83.1,1
461,2018-06-12,82.42,1
462,2018-06-13,81.51,1
463,2018-06-14,81.89,1
464,2018-06-15,80.66,1
465,2018-06-16,80.66,0
466,2018-06-17,80.66,0
467,2018-06-18,80.82,1
468,2018-06-19,80.7,1
469,2018-06-20,80.45,1
470,2018-06-21,79.69,1
471,2018-06-22,81.38,1
472,2018-06-23,81.38,0
473,2018-06-24,81.38,0
474,2018-06-25,79.74,1
475,2018-06-26,80.64,1
476,2018-06-27,81.71,1
477,2018-06-28,81.97,1
478,2018-06-29,82.73,1
479,2018-06-30,82.73,0
480,2018-07-01,82.73,0
481,2018-07-02,81.76,1
482,2018-07-03,82.24,1
483,2018-07-04,82.24,0
484,2018-07-05,82.31,1
485,2018-07-06,82.33,1
486,2018-07-07,82.33,0
487,2018-07-08,82.33,0
488,2018-07-09,82.9,1
489,2018-07-10,83.66,1
490,2018-07-11,82.59,1
491,2018-07-12,82.69,1
492,2018-07-13,83.31,1
493,2018-07-14,83.31,0
494,2018-07-15,83.31,0
495,2018-07-16,82.49,1
496,2018-07-17,82.31,1
497,2018-07-18,82.22,1
498,2018-07-19,82.01,1
499,2018-07-20,81.4,1
500,2018-07-21,81.4,0
501,2018-07-22,81.4,0
502,2018-07-23,81.4,1
503,2018-07-24,83.01,1
504,2018-07-25,83.59,1
505,2018-07-26,84.24,1
506,2018-07-27,81.92,1
507,2018-07-28,81.92,0
508,2018-07-29,81.92,0
509,2018-07-30,81.74,1
510,2018-07-31,81.51,1
511,2018-08-01,80.39,1
512,2018-08-02,79.91,1
513,2018-08-03,80.2,1
514,2018-08-04,80.2,0
515,2018-08-05,80.2,0
516,2018-08-06,80.18,1
517,2018-08-07,81.27,1
518,2018-08-08,80.73,1
519,2018-08-09,80.32,1
520,2018-08-10,79.42,1
521,2018-08-11,79.42,0
522,2018-08-12,79.42,0
523,2018-08-13,78.56,1
524,2018-08-14,78.31,1
525,2018-08-15,76.94,1
526,2018-08-16,78.0,1
527,2018-08-17,78.26,1
528,2018-08-18,78.26,0
529,2018-08-19,78.26,0
530,2018-08-20,78.81,1
531,2018-08-21,78.83,1
532,2018-08-22,79.96,1
533,2018-08-23,79.08,1
534,2018-08-24,79.62,1
535,2018-08-25,79.62,0
536,2018-08-26,79.62,0
537,2018-08-27,80.4,1
538,2018-08-28,80.28,1
539,2018-08-29,80.86,1
540,2018-08-30,80.51,1
541,2018-08-31,80.17,1
542,2018-09-01,80.17,0
543,2018-09-02,80.17,0
544,2018-09-03,80.17,0
545,2018-09-04,80.29,1
546,2018-09-05,81.36,1
547,2018-09-06,80.46,1
548,2018-09-07,81.83,1
549,2018-09-08,81.83,0
550,2018-09-09,81.83,0
551,2018-09-10,81.71,1
552,2018-09-11,82.86,1
553,2018-09-12,83.13,1
554,2018-09-13,82.32,1
555,2018-09-14,82.92,1
556,2018-09-15,82.92,0
557,2018-09-16,82.92,0
558,2018-09-17,83.41,1
559,2018-09-18,83.63,1
560,2018-09-19,84.63,1
561,2018-09-20,84.82,1
562,2018-09-21,85.17,1
563,2018-09-22,85.17,0
564,2018-09-23,85.17,0
565,2018-09-24,86.6,1
566,2018-09-25,86.5,1
567,2018-09-26,85.78,1
568,2018-09-27,85.77,1
569,2018-09-28,85.02,1
570,2018-09-29,85.02,0
571,2018-09-30,85.02,0
572,2018-10-01,85.81,1
573,2018-10-02,86.46,1
574,2018-10-03,86.15,1
575,2018-10-04,85.58,1
576,2018-10-05,85.34,1
577,2018-10-06,85.34,0
578,2018-10-07,85.34,0
579,2018-10-08,86.13,1
580,2018-10-09,86.51,1
581,2018-10-10,84.52,1
582,2018-10-11,81.6,1
583,2018-10-12,81.38,1
584,2018-10-13,81.38,0
585,2018-10-14,81.38,0
586,2018-10-15,80.82,1
587,2018-10-16,81.2,1
588,2018-10-17,81.5,1
589,2018-10-18,81.85,1
590,2018-10-19,81.97,1
591,2018-10-20,81.97,0
592,2018-10-21,81.97,0
593,2018-10-22,81.15,1
594,2018-10-23,79.84,1
595,2018-10-24,77.62,1
596,2018-10-25,78.31,1
597,2018-10-26,77.53,1
598,2018-10-27,77.53,0
599,2018-10-28,77.53,0
600,2018-10-29,77.05,1
601,2018-10-30,78.78,1
602,2018-10-31,79.68,1
603,2018-11-01,80.67,1
604,2018-11-02,81.95,1
605,2018-11-03,81.95,0
606,2018-11-04,81.95,0
607,2018-11-05,81.64,1
608,2018-11-06,81.99,1
609,2018-11-07,83.03,1
610,2018-11-08,81.71,1
611,2018-11-09,80.87,1
612,2018-11-10,80.87,0
613,2018-11-11,80.87,0
614,2018-11-12,79.83,1
615,2018-11-13,78.0,1
616,2018-11-14,77.39,1
617,2018-11-15,78.19,1
618,2018-11-16,78.96,1
619,2018-11-17,78.96,0
620,2018-11-18,78.96,0
621,2018-11-19,79.22,1
622,2018-11-20,76.97,1
623,2018-11-21,77.56,1
624,2018-11-22,77.56,0
625,2018-11-23,75.49,1
626,2018-11-24,75.49,0
627,2018-11-25,75.49,0
628,2018-11-26,76.98,1
629,2018-11-27,77.05,1
630,2018-11-28,78.45,1
631,2018-11-29,79.06,1
632,2018-11-30,79.5,1
633,2018-12-01,79.5,0
634,2018-12-02,79.5,0
635,2018-12-03,81.22,1
636,2018-12-04,79.43,1
637,2018-12-05,79.43,0
638,2018-12-06,78.39,1
639,2018-12-07,77.64,1
640,2018-12-08,77.64,0
641,2018-12-09,77.64,0
642,2018-12-10,76.54,1
643,2018-12-11,76.68,1
644,2018-12-12,76.02,1
645,2018-12-13,76.98,1
646,2018-12-14,75.58,1
647,2018-12-15,75.58,0
648,2018-12-16,75.58,0
649,2018-12-17,74.04,1
650,2018-12-18,72.0,1
651,2018-12-19,70.78,1
652,2018-12-20,68.63,1
653,2018-12-21,68.12,1
654,2018-12-22,68.12,0
655,2018-12-23,68.12,0
656,2018-12-24,65.51,1
657,2018-12-25,65.51,0
658,2018-12-26,68.64,1
659,2018-12-27,68.94,1
660,2018-12-28,68.17,1
661,2018-12-29,68.17,0
662,2018-12-30,68.17,0
663,2018-12-31,68.19,1
664,2019-01-01,68.19,0
665,2019-01-02,69.69,1
666,2019-01-03,68.62,1
667,2019-01-04,71.15,1
668,2019-01-05,71.15,0
669,2019-01-06,71.15,0
670,2019-01-07,71.52,1
671,2019-01-08,72.04,1
672,2019-01-09,72.42,1
673,2019-01-10,72.05,1
674,2019-01-11,71.72,1
675,2019-01-12,71.72,0
676,2019-01-13,71.72,0
677,2019-01-14,71.63,1
678,2019-01-15,71.67,1
679,2019-01-16,71.64,1
680,2019-01-17,72.13,1
681,2019-01-18,72.99,1
682,2019-01-19,72.99,0
683,2019-01-20,72.99,0
684,2019-01-21,72.99,0
685,2019-01-22,71.89,1
686,2019-01-23,71.3,1
687,2019-01-24,71.4,1
688,2019-01-25,71.72,1
689,2019-01-26,71.72,0
690,2019-01-27,71.72,0
691,2019-01-28,71.24,1
692,2019-01-29,71.51,1
693,2019-01-30,72.29,1
694,2019-01-31,73.28,1
695,2019-02-01,75.92,1
696,2019-02-02,75.92,0
697,2019-02-03,75.92,0
698,2019-02-04,74.82,1
699,2019-02-05,75.59,1
700,2019-02-06,75.26,1
701,2019-02-07,74.68,1
702,2019-02-08,73.98,1
703,2019-02-09,73.98,0
704,2019-02-10,73.98,0
705,2019-02-11,74.1,1
706,2019-02-12,75.4,1
707,2019-02-13,76.25,1
708,2019-02-14,76.27,1
709,2019-02-15,77.71,1
710,2019-02-16,77.71,0
711,2019-02-17,77.71,0
712,2019-02-18,77.71,0
713,2019-02-19,78.23,1
714,2019-02-20,78.53,1
715,2019-02-21,77.82,1
716,2019-02-22,78.42,1
717,2019-02-23,78.42,0
718,2019-02-24,78.42,0
719,2019-02-25,78.5,1
720,2019-02-26,78.66,1
721,2019-02-27,79.47,1
722,2019-02-28,79.03,1
723,2019-03-01,80.0,1
724,2019-03-02,80.0,0
725,2019-03-03,80.0,0
726,2019-03-04,80.31,1
727,2019-03-05,80.19,1
728,2019-03-06,79.28,1
729,2019-03-07,80.16,1
730,2019-03-08,79.01,1
731,2019-03-09,79.01,0
732,2019-03-10,79.01,0
733,2019-03-11,79.78,1
734,2019-03-12,80.0,1
735,2019-03-13,80.71,1
736,2019-03-14,80.44,1
737,2019-03-15,80.15,1
738,2019-03-16,80.15,0
739,2019-03-17,80.15,0
740,2019-03-18,81.08,1
741,2019-03-19,80.87,1
742,2019-03-20,81.32,1
743,2019-03-21,81.79,1
744,2019-03-22,80.48,1
745,2019-03-23,80.48,0
746,2019-03-24,80.48,0
747,2019-03-25,79.92,1
748,2019-03-26,80.96,1
749,2019-03-27,80.34,1
750,2019-03-28,80.74,1
751,2019-03-29,80.8,1
752,2019-03-30,80.8,0
753,2019-03-31,80.8,0
754,2019-04-01,81.73,1
755,2019-04-02,81.38,1
756,2019-04-03,80.9,1
757,2019-04-04,82.05,1
758,2019-04-05,82.49,1
759,2019-04-06,82.49,0
760,2019-04-07,82.49,0
761,2019-04-08,83.0,1
762,2019-04-09,81.93,1
763,2019-04-10,81.56,1
764,2019-04-11,81.95,1
765,2019-04-12,80.92,1
766,2019-04-13,80.92,0
767,2019-04-14,80.92,0
768,2019-04-15,80.65,1
769,2019-04-16,81.2,1
770,2019-04-17,81.43,1
771,2019-04-18,81.13,1
772,2019-04-19,81.13,0
773,2019-04-20,81.13,0
774,2019-04-21,81.13,0
775,2019-04-22,82.9,1
776,2019-04-23,83.38,1
777,2019-04-24,81.76,1
778,2019-04-25,82.22,1
779,2019-04-26,80.49,1
780,2019-04-27,80.49,0
781,2019-04-28,80.49,0
782,2019-04-29,79.97,1
783,2019-04-30,80.28,1
784,2019-05-01,78.67,1
785,2019-05-02,77.29,1
786,2019-05-03,77.47,1
787,2019-05-04,77.47,0
788,2019-05-05,77.47,0
789,2019-05-06,77.13,1
790,2019-05-07,76.72,1
791,2019-05-08,76.84,1
792,2019-05-09,76.77,1
793,2019-05-10,76.56,1
794,2019-05-11,76.56,0
795,2019-05-12,76.56,0
796,2019-05-13,75.71,1
797,2019-05-14,75.81,1
798,2019-05-15,76.37,1
799,2019-05-16,76.36,1
800,2019-05-17,75.91,1
801,2019-05-18,75.91,0
802,2019-05-19,75.91,0
803,2019-05-20,75.9,1
804,2019-05-21,76.25,1
805,2019-05-22,75.56,1
806,2019-05-23,73.79,1
807,2019-05-24,74.1,1
808,2019-05-25,74.1,0
809,2019-05-26,74.1,0
810,2019-05-27,74.1,0
811,2019-05-28,72.61,1
812,2019-05-29,72.16,1
813,2019-05-30,71.97,1
814,2019-05-31,70.77,1
815,2019-06-01,70.77,0
816,2019-06-02,70.77,0
817,2019-06-03,71.88,1
818,2019-06-04,73.59,1
819,2019-06-05,72.98,1
820,2019-06-06,74.31,1
821,2019-06-07,74.58,1
822,2019-06-08,74.58,0
823,2019-06-09,74.58,0
824,2019-06-10,74.91,1
825,2019-06-11,74.84,1
826,2019-06-12,74.03,1
827,2019-06-13,74.68,1
828,2019-06-14,74.35,1
829,2019-06-15,74.35,0
830,2019-06-16,74.35,0
831,2019-06-17,75.09,1
832,2019-06-18,75.74,1
833,2019-06-19,75.32,1
834,2019-06-20,76.61,1
835,2019-06-21,77.69,1
836,2019-06-22,77.69,0
837,2019-06-23,77.69,0
838,2019-06-24,76.95,1
839,2019-06-25,76.27,1
840,2019-06-26,76.6,1
841,2019-06-27,75.82,1
842,2019-06-28,76.63,1
843,2019-06-29,76.63,0
844,2019-06-30,76.63,0
845,2019-07-01,76.56,1
846,2019-07-02,75.72,1
847,2019-07-03,76.44,1
848,2019-07-04,76.44,0
849,2019-07-05,76.13,1
850,2019-07-06,76.13,0
851,2019-07-07,76.13,0
852,2019-07-08,76.48,1
853,2019-07-09,76.43,1
854,2019-07-10,77.51,1
855,2019-07-11,77.57,1
856,2019-07-12,77.63,1
857,2019-07-13,77.63,0
858,2019-07-14,77.63,0
859,2019-07-15,77.08,1
860,2019-07-16,75.93,1
861,2019-07-17,75.48,1
862,2019-07-18,74.84,1
863,2019-07-19,74.99,1
864,2019-07-20,74.99,0
865,2019-07-21,74.99,0
866,2019-07-22,75.07,1
867,2019-07-23,75.37,1
868,2019-07-24,75.36,1
869,2019-07-25,74.93,1
870,2019-07-26,74.81,1
871,2019-07-27,74.81,0
872,2019-07-28,74.81,0
873,2019-07-29,75.34,1
874,2019-07-30,75.35,1
875,2019-07-31,74.36,1
876,2019-08-01,72.46,1
877,2019-08-02,71.75,1
878,2019-08-03,71.75,0
879,2019-08-04,71.75,0
880,2019-08-05,70.28,1
881,2019-08-06,70.96,1
882,2019-08-07,70.5,1
883,2019-08-08,72.38,1
884,2019-08-09,70.84,1
885,2019-08-10,70.84,0
886,2019-08-11,70.84,0
887,2019-08-12,69.63,1
888,2019-08-13,70.49,1
889,2019-08-14,67.65,1
890,2019-08-15,67.25,1
891,2019-08-16,68.3,1
892,2019-08-17,68.3,0
893,2019-08-18,68.3,0
894,2019-08-19,69.45,1
895,2019-08-20,69.03,1
896,2019-08-21,69.72,1
897,2019-08-22,69.57,1
898,2019-08-23,67.49,1
899,2019-08-24,67.49,0
900,2019-08-25,67.49,0
901,2019-08-26,67.85,1
902,2019-08-27,67.19,1
903,2019-08-28,67.68,1
904,2019-08-29,68.43,1
905,2019-08-30,68.48,1
906,2019-08-31,68.48,0
907,2019-09-01,68.48,0
908,2019-09-02,68.48,0
909,2019-09-03,68.56,1
910,2019-09-04,69.29,1
911,2019-09-05,70.27,1
912,2019-09-06,70.93,1
913,2019-09-07,70.93,0
914,2019-09-08,70.93,0
915,2019-09-09,71.49,1
916,2019-09-10,72.07,1
917,2019-09-11,71.93,1
918,2019-09-12,71.98,1
919,2019-09-13,72.64,1
920,2019-09-14,72.64,0
921,2019-09-15,72.64,0
922,2019-09-16,73.73,1
923,2019-09-17,73.17,1
924,2019-09-18,72.82,1
925,2019-09-19,72.33,1
926,2019-09-20,72.08,1
927,2019-09-21,72.08,0
928,2019-09-22,72.08,0
929,2019-09-23,72.13,1
930,2019-09-24,71.14,1
931,2019-09-25,71.35,1
932,2019-09-26,70.97,1
933,2019-09-27,71.48,1
934,2019-09-28,71.48,0
935,2019-09-29,71.48,0
936,2019-09-30,70.61,1
937,2019-10-01,68.95,1
938,2019-10-02,67.15,1
939,2019-10-03,67.98,1
940,2019-10-04,68.97,1
941,2019-10-05,68.97,0
942,2019-10-06,68.97,0
943,2019-10-07,68.02,1
944,2019-10-08,66.7,1
945,2019-10-09,67.44,1
946,2019-10-10,68.25,1
947,2019-10-11,68.98,1
948,2019-10-12,68.98,0
949,2019-10-13,68.98,0
950,2019-10-14,69.18,1
951,2019-10-15,69.42,1
952,2019-10-16,68.23,1
953,2019-10-17,68.14,1
954,2019-10-18,67.61,1
955,2019-10-19,67.61,0
956,2019-10-20,67.61,0
957,2019-10-21,68.74,1
958,2019-10-22,69.09,1
959,2019-10-23,69.75,1
960,2019-10-24,69.09,1
961,2019-10-25,69.25,1
962,2019-10-26,69.25,0
963,2019-10-27,69.25,0
964,2019-10-28,68.64,1
965,2019-10-29,68.44,1
966,2019-10-30,67.72,1
967,2019-10-31,67.57,1
968,2019-11-01,69.6,1
969,2019-11-02,69.6,0
970,2019-11-03,69.6,0
971,2019-11-04,71.67,1
972,2019-11-05,73.09,1
973,2019-11-06,71.49,1
974,2019-11-07,73.01,1
975,2019-11-08,70.77,1
976,2019-11-09,70.77,0
977,2019-11-10,70.77,0
978,2019-11-11,70.34,1
979,2019-11-12,69.37,1
980,2019-11-13,68.8,1
981,2019-11-14,68.5,1
982,2019-11-15,69.19,1
983,2019-11-16,69.19,0
984,2019-11-17,69.19,0
985,2019-11-18,68.52,1
986,2019-11-19,67.82,1
987,2019-11-20,68.03,1
988,2019-11-21,69.67,1
989,2019-11-22,69.37,1
990,2019-11-23,69.37,0
991,2019-11-24,69.37,0
992,2019-11-25,68.91,1
993,2019-11-26,68.74,1
994,2019-11-27,68.7,1
995,2019-11-28,68.7,0
996,2019-11-29,68.13,1
997,2019-11-30,68.13,0
998,2019-12-01,68.13,0
999,2019-12-02,68.42,1
1000,2019-12-03,67.88,1
1001,2019-12-04,68.65,1
1002,2019-12-05,68.41,1
1003,2019-12-06,69.51,1
1004,2019-12-07,69.51,0
1005,2019-12-08,69.51,0
1006,2019-12-09,69.66,1
1007,2019-12-10,69.06,1
1008,2019-12-11,68.96,1
1009,2019-12-12,70.34,1
1010,2019-12-13,69.23,1
1011,2019-12-14,69.23,0
1012,2019-12-15,69.23,0
1013,2019-12-16,70.0,1
1014,2019-12-17,69.68,1
1015,2019-12-18,69.87,1
1016,2019-12-19,69.39,1
1017,2019-12-20,69.94,1
1018,2019-12-21,69.94,0
1019,2019-12-22,69.94,0
1020,2019-12-23,70.29,1
1021,2019-12-24,70.02,1
1022,2019-12-25,70.02,0
1023,2019-12-26,70.13,1
1024,2019-12-27,69.89,1
1025,2019-12-28,69.89,0
1026,2019-12-29,69.89,0
1027,2019-12-30,69.48,1
1028,2019-12-31,69.78,1
1029,2020-01-01,69.78,0
1030,2020-01-02,70.9,1
1031,2020-01-03,70.33,1
1032,2020-01-04,70.33,0
1033,2020-01-05,70.33,0
1034,2020-01-06,70.87,1
1035,2020-01-07,70.29,1
1036,2020-01-08,69.23,1
1037,2020-01-09,69.76,1
1038,2020-01-10,69.14,1
1039,2020-01-11,69.14,0
1040,2020-01-12,69.14,0
1041,2020-01-13,69.8,1
1042,2020-01-14,69.2,1
1043,2020-01-15,69.09,1
1044,2020-01-16,68.82,1
1045,2020-01-17,68.56,1
1046,2020-01-18,68.56,0
1047,2020-01-19,68.56,0
1048,2020-01-20,68.56,0
1049,2020-01-21,67.58,1
1050,2020-01-22,67.19,1
1051,2020-01-23,66.77,1
1052,2020-01-24,66.32,1
1053,2020-01-25,66.32,0
1054,2020-01-26,66.32,0
1055,2020-01-27,64.74,1
1056,2020-01-28,64.65,1
1057,2020-01-29,64.11,1
1058,2020-01-30,64.79,1
1059,2020-01-31,62.12,1
1060,2020-02-01,62.12,0
1061,2020-02-02,62.12,0
1062,2020-02-03,60.73,1
1063,2020-02-04,59.97,1
1064,2020-02-05,62.73,1
1065,2020-02-06,61.88,1
1066,2020-02-07,61.47,1
1067,2020-02-08,61.47,0
1068,2020-02-09,61.47,0
1069,2020-02-10,59.96,1
1070,2020-02-11,60.53,1
1071,2020-02-12,61.27,1
1072,2020-02-13,60.93,1
1073,2020-02-14,60.65,1
1074,2020-02-15,60.65,0
1075,2020-02-16,60.65,0
1076,2020-02-17,60.65,0
1077,2020-02-18,59.88,1
1078,2020-02-19,60.34,1
1079,2020-02-20,59.86,1
1080,2020-02-21,59.13,1
1081,2020-02-22,59.13,0
1082,2020-02-23,59.13,0
1083,2020-02-24,56.36,1
1084,2020-02-25,54.2,1
1085,2020-02-26,53.01,1
1086,2020-02-27,49.82,1
1087,2020-02-28,51.44,1
1088,2020-02-29,51.44,1
1089,2020-03-01,51.44,1
1090,2020-03-02,51.44,1
1091,2020-03-03,53.88,1
1092,2020-03-04,51.3,1
1093,2020-03-05,52.42,1
1094,2020-03-06,50.11,1
1095,2020-03-07,47.69,1
1096,2020-03-08,47.69,1
1097,2020-03-09,40.88,1
1098,2020-03-10,40.88,0
1099,2020-03-11,43.41,1
1100,2020-03-12,43.41,0
1101,2020-03-13,43.41,0
1102,2020-03-14,43.41,0
1103,2020-03-15,43.41,0
1104,2020-03-16,38.12,1
1105,2020-03-17,34.49,1
1106,2020-03-18,34.49,0
1107,2020-03-19,33.37,1
1108,2020-03-20,32.83,1
1109,2020-03-21,32.74,1
1110,2020-03-22,32.74,1
1111,2020-03-23,31.47,1
1112,2020-03-24,31.47,0
1113,2020-03-25,31.47,0
1114,2020-03-26,31.47,0
1115,2020-03-27,31.47,0
1116,2020-03-28,31.47,0
1117,2020-03-29,36.95,1
1118,2020-03-30,36.95,1
1119,2020-03-31,38.3,1
1120,2020-04-01,36.49,1
1121,2020-04-02,38.63,1
1122,2020-04-03,42.07,1
1123,2020-04-04,39.21,1
1124,2020-04-05,39.21,1
1125,2020-04-06,39.21,0
1126,2020-04-07,39.21,0
1127,2020-04-08,39.21,0
1128,2020-04-09,39.21,0
1129,2020-04-10,39.21,0
1130,2020-04-11,39.21,0
1131,2020-04-12,39.21,0
1132,2020-04-13,39.21,0
1133,2020-04-14,39.21,0
1134,2020-04-15,39.21,0
1135,2020-04-16,39.15,1
1136,2020-04-17,43.22,1
1137,2020-04-18,43.22,0
1138,2020-04-19,43.22,0
1139,2020-04-20,41.18,1
1140,2020-04-21,40.96,1
1141,2020-04-22,42.13,1
1142,2020-04-23,43.45,1
1143,2020-04-24,43.73,1
1144,2020-04-25,43.73,0
1145,2020-04-26,43.73,0
1146,2020-04-27,43.94,1
1147,2020-04-28,44.97,1
1148,2020-04-29,47.46,1
1149,2020-04-30,46.47,1
1150,2020-05-01,43.14,1
1151,2020-05-02,43.14,0
1152,2020-05-03,43.14,0
1153,2020-05-04,44.88,1
1154,2020-05-05,44.83,1
1155,2020-05-06,43.99,1
1156,2020-05-07,44.24,1
1157,2020-05-08,46.18,1
1158,2020-05-09,46.18,0
1159,2020-05-10,46.18,0
1160,2020-05-11,45.74,1
1161,2020-05-12,44.12,1
1162,2020-05-13,41.93,1
1163,2020-05-14,42.3,1
1164,2020-05-15,42.0,1
1165,2020-05-16,42.0,0
1166,2020-05-17,42.0,0
1167,2020-05-18,45.34,1
1168,2020-05-19,43.94,1
1169,2020-05-20,45.37,1
1170,2020-05-21,44.56,1
1171,2020-05-22,44.6,1
1172,2020-05-23,44.6,0
1173,2020-05-24,44.6,0
1174,2020-05-25,44.6,0
1175,2020-05-26,45.91,1
1176,2020-05-27,46.24,1
1177,2020-05-28,45.04,1
1178,2020-05-29,45.47,1
1179,2020-05-30,45.47,0
1180,2020-05-31,45.47,0
1181,2020-06-01,46.28,1
1182,2020-06-02,47.31,1
1183,2020-06-03,49.24,1
1184,2020-06-04,49.1,1
1185,2020-06-05,53.08,1
1186,2020-06-06,53.08,0
1187,2020-06-07,53.08,0
1188,2020-06-08,54.74,1
1189,2020-06-09,53.52,1
1190,2020-06-10,50.65,1
1191,2020-06-11,46.18,1
1192,2020-06-12,47.17,1
1193,2020-06-13,47.17,0
1194,2020-06-14,47.17,0
1195,2020-06-15,47.14,1
1196,2020-06-16,48.2,1
1197,2020-06-17,46.63,1
1198,2020-06-18,46.92,1
1199,2020-06-19,45.98,1
1200,2020-06-20,45.98,0
1201,2020-06-21,45.98,0
1202,2020-06-22,46.42,1
1203,2020-06-23,46.7,1
1204,2020-06-24,44.5,1
1205,2020-06-25,45.17,1
1206,2020-06-26,43.62,1
1207,2020-06-27,43.62,0
1208,2020-06-28,43.62,0
1209,2020-06-29,44.32,1
1210,2020-06-30,44.72,1
1211,2020-07-01,43.71,1
1212,2020-07-02,44.08,1
1213,2020-07-03,44.08,0
1214,2020-07-04,44.08,0
1215,2020-07-05,44.08,0
1216,2020-07-06,44.39,1
1217,2020-07-07,43.24,1
1218,2020-07-08,43.14,1
1219,2020-07-09,41.36,1
1220,2020-07-10,42.65,1
1221,2020-07-11,42.65,0
1222,2020-07-12,42.65,0
1223,2020-07-13,42.66,1
1224,2020-07-14,44.07,1
1225,2020-07-15,44.63,1
1226,2020-07-16,44.28,1
1227,2020-07-17,43.52,1
1228,2020-07-18,43.52,0
1229,2020-07-19,43.52,0
1230,2020-07-20,42.5,1
1231,2020-07-21,44.65,1
1232,2020-07-22,43.61,1
1233,2020-07-23,43.7,1
1234,2020-07-24,43.43,1
1235,2020-07-25,43.43,0
1236,2020-07-26,43.43,0
1237,2020-07-27,44.07,1
1238,2020-07-28,43.55,1
1239,2020-07-29,44.03,1
1240,2020-07-30,41.87,1
1241,2020-07-31,42.08,1
1242,2020-08-01,42.08,0
1243,2020-08-02,42.08,0
1244,2020-08-03,42.25,1
1245,2020-08-04,43.47,1
1246,2020-08-05,43.85,1
1247,2020-08-06,43.64,1
1248,2020-08-07,43.44,1
1249,2020-08-08,43.44,0
1250,2020-08-09,43.44,0
1251,2020-08-10,44.51,1
1252,2020-08-11,44.97,1
1253,2020-08-12,44.09,1
1254,2020-08-13,43.01,1
1255,2020-08-14,43.2,1
1256,2020-08-15,43.2,0
1257,2020-08-16,43.2,0
1258,2020-08-17,42.64,1
1259,2020-08-18,42.43,1
1260,2020-08-19,41.96,1
1261,2020-08-20,41.32,1
1262,2020-08-21,41.01,1
1263,2020-08-22,41.01,0
1264,2020-08-23,41.01,0
1265,2020-08-24,42.22,1
1266,2020-08-25,40.88,1
1267,2020-08-26,40.01,1
1268,2020-08-27,39.74,1
1269,2020-08-28,40.69,1
1270,2020-08-29,40.69,0
1271,2020-08-30,40.69,0
1272,2020-08-31,39.94,1
1273,2020-09-01,39.43,1
1274,2020-09-02,39.19,1
1275,2020-09-03,39.11,1
1276,2020-09-04,39.08,1
1277,2020-09-05,39.08,0
1278,2020-09-06,39.08,0
1279,2020-09-07,39.08,0
1280,2020-09-08,38.18,1
1281,2020-09-09,37.95,1
1282,2020-09-10,37.0,1
1283,2020-09-11,36.9,1
1284,2020-09-12,36.9,0
1285,2020-09-13,36.9,0
1286,2020-09-14,36.66,1
1287,2020-09-15,36.27,1
1288,2020-09-16,37.81,1
1289,2020-09-17,37.8,1
1290,2020-09-18,37.19,1
1291,2020-09-19,37.19,0
1292,2020-09-20,37.19,0
1293,2020-09-21,36.43,1
1294,2020-09-22,35.53,1
1295,2020-09-23,34.39,1
1296,2020-09-24,34.32,1
1297,2020-09-25,34.64,1
1298,2020-09-26,34.64,0
1299,2020-09-27,34.64,0
1300,2020-09-28,35.31,1
1301,2020-09-29,34.28,1
1302,2020-09-30,34.33,1
1303,2020-10-01,33.13,1
1304,2020-10-02,32.98,1
1305,2020-10-03,32.98,0
1306,2020-10-04,32.98,0
1307,2020-10-05,33.74,1
1308,2020-10-06,33.39,1
1309,2020-10-07,33.5,1
1310,2020-10-08,35.26,1
1311,2020-10-09,34.74,1
1312,2020-10-10,34.74,0
1313,2020-10-11,34.74,0
1314,2020-10-12,34.63,1
1315,2020-10-13,34.22,1
1316,2020-10-14,34.15,1
1317,2020-10-15,34.45,1
1318,2020-10-16,34.1,1
1319,2020-10-17,34.1,0
1320,2020-10-18,34.1,0
1321,2020-10-19,33.42,1
1322,2020-10-20,33.7,1
1323,2020-10-21,33.16,1
1324,2020-10-22,34.86,1
1325,2020-10-23,34.16,1
1326,2020-10-24,34.16,0
1327,2020-10-25,34.16,0
1328,2020-10-26,33.35,1
1329,2020-10-27,32.82,1
1330,2020-10-28,31.57,1
1331,2020-10-29,32.97,1
1332,2020-10-30,32.62,1
1333,2020-10-31,32.62,0
1334,2020-11-01,32.62,0
1335,2020-11-02,33.99,1
1336,2020-11-03,33.41,1
1337,2020-11-04,33.23,1
1338,2020-11-05,33.17,1
1339,2020-11-06,32.78,1
1340,2020-11-07,32.78,0
1341,2020-11-08,32.78,0
1342,2020-11-09,36.93,1
1343,2020-11-10,36.86,1
1344,2020-11-11,36.48,1
1345,2020-11-12,35.23,1
1346,2020-11-13,36.08,1
1347,2020-11-14,36.08,0
1348,2020-11-15,36.08,0
1349,2020-11-16,38.16,1
1350,2020-11-17,38.67,1
1351,2020-11-18,37.21,1
1352,2020-11-19,37.4,1
1353,2020-11-20,36.94,1
1354,2020-11-21,36.94,0
1355,2020-11-22,36.94,0
1356,2020-11-23,39.36,1
1357,2020-11-24,41.98,1
1358,2020-11-25,40.81,1
1359,2020-11-26,40.81,0
1360,2020-11-27,40.19,1
1361,2020-11-28,40.19,0
1362,2020-11-29,40.19,0
1363,2020-11-30,38.13,1
1364,2020-12-01,38.5,1
1365,2020-12-02,39.94,1
1366,2020-12-03,40.21,1
1367,2020-12-04,41.68,1
1368,2020-12-05,41.68,0
1369,2020-12-06,41.68,0
1370,2020-12-07,40.9,1
1371,2020-12-08,42.24,1
1372,2020-12-09,42.8,1
1373,2020-12-10,44.01,1
1374,2020-12-11,43.8,1
1375,2020-12-12,43.8,0
1376,2020-12-13,43.8,0
1377,2020-12-14,42.22,1
1378,2020-12-15,43.04,1
1379,2020-12-16,43.7,1
1380,2020-12-17,43.48,1
1381,2020-12-18,42.73,1
1382,2020-12-19,42.73,0
1383,2020-12-20,42.73,0
1384,2020-12-21,41.95,1
1385,2020-12-22,41.24,1
1386,2020-12-23,41.77,1
1387,2020-12-24,41.6,1
1388,2020-12-25,41.6,0
1389,2020-12-26,41.6,0
1390,2020-12-27,41.6,0
1391,2020-12-28,41.74,1
1392,2020-12-29,41.27,1
1393,2020-12-30,41.6,1
1394,2020-12-31,41.22,1
1395,2021-01-01,41.22,0
1396,2021-01-02,41.22,0
1397,2021-01-03,41.22,0
1398,2021-01-04,41.5,1
1399,2021-01-05,43.5,1
1400,2021-01-06,44.61,1
1401,2021-01-07,44.96,1
1402,2021-01-08,45.46,1
1403,2021-01-09,45.46,0
1404,2021-01-10,45.46,0
1405,2021-01-11,46.84,1
1406,2021-01-12,47.88,1
1407,2021-01-13,48.42,1
1408,2021-01-14,50.31,1
1409,2021-01-15,47.89,1
1410,2021-01-16,47.89,0
1411,2021-01-17,47.89,0
1412,2021-01-18,47.89,0
1413,2021-01-19,48.84,1
1414,2021-01-20,49.53,1
1415,2021-01-21,48.11,1
1416,2021-01-22,47.43,1
1417,2021-01-23,47.43,0
1418,2021-01-24,47.43,0
1419,2021-01-25,46.9,1
1420,2021-01-26,45.87,1
1421,2021-01-27,45.35,1
1422,2021-01-28,46.06,1
1423,2021-01-29,44.84,1
1424,2021-01-30,44.84,0
1425,2021-01-31,44.84,0
1426,2021-02-01,44.92,1
1427,2021-02-02,45.63,1
1428,2021-02-03,47.42,1
1429,2021-02-04,48.33,1
1430,2021-02-05,49.95,1
1431,2021-02-06,49.95,0
1432,2021-02-07,49.95,0
1433,2021-02-08,52.1,1
1434,2021-02-09,50.63,1
1435,2021-02-10,51.12,1
1436,2021-02-11,49.84,1
1437,2021-02-12,50.52,1
1438,2021-02-13,50.52,0
1439,2021-02-14,50.52,0
1440,2021-02-15,50.52,0
1441,2021-02-16,52.04,1
1442,2021-02-17,52.85,1
1443,2021-02-18,52.02,1
1444,2021-02-19,52.37,1
1445,2021-02-20,52.37,0
1446,2021-02-21,52.37,0
1447,2021-02-22,54.3,1
1448,2021-02-23,55.05,1
1449,2021-02-24,56.7,1
1450,2021-02-25,55.76,1
1451,2021-02-26,54.37,1
1452,2021-02-27,54.37,0
1453,2021-02-28,54.37,0
1454,2021-03-01,56.4,1
1455,2021-03-02,56.07,1
1456,2021-03-03,56.52,1
1457,2021-03-04,58.71,1
1458,2021-03-05,60.93,1
